layer,phase_id,phase_label,phase_group,event_date,event_week,window,pre_start,pre_end_exclusive,post_start,post_end_exclusive,n_obs_pre,n_obs_post,wallet_pct_shift_during_same_window,post_window_truncated,analysis_universe,consumption_lens,analysis_universe_label,consumption_lens_label,clean_pre_sales_sum,clean_pre_count_sum,clean_pre_user_weeks_sum,clean_pre_source_rows,clean_post_sales_sum,clean_post_count_sum,clean_post_user_weeks_sum,clean_post_source_rows,noise_pre_sales_sum,noise_pre_count_sum,noise_pre_user_weeks_sum,noise_pre_source_rows,noise_post_sales_sum,noise_post_count_sum,noise_post_user_weeks_sum,noise_post_source_rows,noise_sales_share_window,support_ok,plot_eligible,share_of_wallet_pre,share_of_wallet_post,share_of_wallet_diff,share_of_wallet_pct_change,sales_per_active_user_pre,sales_per_active_user_post,sales_per_active_user_diff,sales_per_active_user_pct_change,count_per_active_user_pre,count_per_active_user_post,count_per_active_user_diff,count_per_active_user_pct_change,active_subcat_user_proxy_pre,active_subcat_user_proxy_post,active_subcat_user_proxy_diff,active_subcat_user_proxy_pct_change
consumption_lens,cut_2w,Cut start +/-2w,cut,2022-03-30,2022-03-28,2,2022-03-14,2022-03-28,2022-03-28,2022-04-11,2,2,0.008374059554278454,False,diagnostic_pos_terminal,reopening_foreign_pos,POS-terminal / reopening diagnostic,POS-terminal / reopening diagnostic,25081291.580000006,1919.0,705.0,18,53901580.65999998,3554.0,1154.0,18,0.0,0.0,0.0,0,0.0,0.0,0.0,0,0.0,True,False,0.020418151910762482,0.04257578602079174,0.02215763411002926,1.0851929306270804,54.99912185129995,116.73152440956692,61.73240255826697,1.1224252402642294,0.00420337356160586,0.007716297763225317,0.003512924201619457,0.835739234244357,0.00154422429126763,0.0025065020542580103,0.0009622777629903802,0.6231463709202898
consumption_lens,cut_2w,Cut start +/-2w,cut,2022-03-30,2022-03-28,2,2022-03-14,2022-03-28,2022-03-28,2022-04-11,2,2,0.008374059554278454,False,primary_domestic,charity_prosocial,Primary domestic,Charity/prosocial,240556.65000000002,6425.0,5785.0,22,207902.63,5471.0,4810.0,22,0.0,0.0,0.0,0,0.0,0.0,0.0,0,0.0,True,True,0.00019307817981827795,0.00016612674617948718,-2.6951433638790776e-05,-0.13958818994542535,0.5269086320902353,0.4512989401189206,-0.07560969197131473,-0.14349677983329423,0.014078254209468876,0.011879300567568933,-0.002198953641899943,-0.15619505154417168,0.012675974590069033,0.01044498371698572,-0.0022309908730833126,-0.1760015261336338
consumption_lens,cut_2w,Cut start +/-2w,cut,2022-03-30,2022-03-28,2,2022-03-14,2022-03-28,2022-03-28,2022-04-11,2,2,0.008374059554278454,False,primary_domestic,direct_fuel,Primary domestic,Direct fuel,16078400.199999902,363724.0,234346.0,17,14412551.749999959,351223.0,226377.0,16,0.0,0.0,0.0,0,0.0,0.0,0.0,0,0.0,True,True,0.012970634679283988,0.011547090281040673,-0.0014235443982433156,-0.10975132932522766,35.23179504599376,31.302582530279388,-3.929212515714376,-0.1115246189013344,0.7969766943710204,0.762887047150137,-0.03408964722088337,-0.042773706510686814,0.513484599499694,0.4916988138423791,-0.021785785657314927,-0.042427339940753
consumption_lens,cut_2w,Cut start +/-2w,cut,2022-03-30,2022-03-28,2,2022-03-14,2022-03-28,2022-03-28,2022-04-11,2,2,0.008374059554278454,False,primary_domestic,education_business_pets,Primary domestic,Education/business/pets,2161410.9300000025,32564.0,22673.0,14,2112412.2600000035,31375.0,21664.0,14,0.0,0.0,0.0,0,0.0,0.0,0.0,0,0.0,True,True,0.0017402037677900404,0.001687155035271598,-5.304873251844237e-05,-0.030484207367170134,4.735453683518432,4.585023944250901,-0.15042973926753067,-0.03176670057846743,0.0713499667677372,0.06815510480991861,-0.0031948619578185816,-0.04477734331984615,0.04967805945414089,0.047055043472212156,-0.002623015981928732,-0.05280029072693764
consumption_lens,cut_2w,Cut start +/-2w,cut,2022-03-30,2022-03-28,2,2022-03-14,2022-03-28,2022-03-28,2022-04-11,2,2,0.008374059554278454,False,primary_domestic,essentials_grocery_health,Primary domestic,Essentials: grocery/health,47282502.8000028,983029.0,436777.0,16,46840816.620002955,976095.0,433814.0,16,0.0,0.0,0.0,0,0.0,0.0,0.0,0,0.0,True,True,0.03811199379824835,0.03754480096541042,-0.0005671928328379316,-0.014882266087690225,103.60104188477133,101.74270793196217,-1.8583339528091614,-0.017937406024121503,2.153938870551878,2.120269337207702,-0.03366953334417566,-0.015631610443776856,0.9570318595099578,0.9422283477875464,-0.014803511722411455,-0.015468149336210709
consumption_lens,cut_2w,Cut start +/-2w,cut,2022-03-30,2022-03-28,2,2022-03-14,2022-03-28,2022-03-28,2022-04-11,2,2,0.008374059554278454,False,primary_domestic,financial_obligations,Primary domestic,Financial obligations,11507307.379999697,233963.0,85823.0,14,11624132.38999965,244423.0,95470.0,14,0.0,0.0,0.0,0,0.0,0.0,0.0,0,0.0,True,True,0.009270646847251865,0.00931018382749784,3.953698024597614e-05,0.004264748824694606,25.212713644710874,25.244832257806085,0.03211861309521069,0.0012739054410332597,0.5126197994104051,0.5308693585097279,0.0182495590993228,0.035600573993265015,0.18804449193478612,0.20735763847759542,0.0193131465428093,0.1027051967547505
consumption_lens,cut_2w,Cut start +/-2w,cut,2022-03-30,2022-03-28,2,2022-03-14,2022-03-28,2022-03-28,2022-04-11,2,2,0.008374059554278454,False,primary_domestic,hedonic_leisure_dining,Primary domestic,Hedonic/leisure/dining,21475505.559999503,572644.0,334614.0,52,20536179.669999585,560724.0,328721.0,52,0.0,0.0,0.0,0,0.0,0.0,0.0,0,0.0,True,True,0.01730840718652172,0.016465177369566382,-0.0008432298169553376,-0.04871793272878232,47.05473198929282,44.609082160985714,-2.445649828307104,-0.051974577793017826,1.2547351682339252,1.217943660439603,-0.036791507794322165,-0.02932213006040728,0.7331837024576544,0.7139564912829963,-0.019227211174658088,-0.026224275185342885
consumption_lens,cut_2w,Cut start +/-2w,cut,2022-03-30,2022-03-28,2,2022-03-14,2022-03-28,2022-03-28,2022-04-11,2,2,0.008374059554278454,False,primary_domestic,mobility_transport_ex_fuel,Primary domestic,Mobility/transport ex-fuel,257004.59999999992,1674.0,1471.0,2,266662.79000000004,1651.0,1428.0,2,0.0,0.0,0.0,0,0.0,0.0,0.0,0,0.0,True,False,0.00020743582380429587,0.00021375099501819085,6.315171213894987e-06,0.0304439758672205,0.5631843926178395,0.5792224882483583,0.016038095630518834,0.02847752146676021,0.003668094100621632,0.003588457913586112,-7.963618703552e-05,-0.02171050819607492,0.003223290718102085,0.0031035558941184278,-0.00011973482398365716,-0.037146765357286345
consumption_lens,cut_2w,Cut start +/-2w,cut,2022-03-30,2022-03-28,2,2022-03-14,2022-03-28,2022-03-28,2022-04-11,2,2,0.008374059554278454,False,primary_domestic,shopping_home_personal,Primary domestic,Shopping/home/personal,27450615.99999886,482725.0,326323.0,74,28655580.489999063,487923.0,331189.0,73,0.0,0.0,0.0,0,0.0,0.0,0.0,0,0.0,True,True,0.022111581298729557,0.02292734995742217,0.0008157686586926123,0.036893275413978785,60.14403291492736,62.219815567616834,2.075782652689476,0.034513526148564615,1.0577134014054574,1.0598730283185165,0.002159626913059043,0.002041788361752244,0.7150158423019287,0.7193777506015276,0.004361908299598927,0.0061004358806319
consumption_lens,cut_2w,Cut start +/-2w,cut,2022-03-30,2022-03-28,2,2022-03-14,2022-03-28,2022-03-28,2022-04-11,2,2,0.008374059554278454,False,primary_domestic,utilities_housing_bills,Primary domestic,Utilities/housing/bills,44132833.92999994,247027.0,211910.0,36,28092733.179999918,238062.0,204809.0,36,0.0,0.0,0.0,0,0.0,0.0,0.0,0,0.0,True,True,0.03585788994265462,0.022501319744652526,-0.013356570198002092,-0.37248622881498206,96.76100626161843,61.011156956429396,-35.74984930518904,-0.369465456038459,0.5412178214111244,0.5171035946353262,-0.02411422677579822,-0.04455549285669285,0.464281311133803,0.44487595794311585,-0.019405353190687147,-0.041796541720143986
consumption_lens,cut_2w,Cut start +/-2w,cut,2022-03-30,2022-03-28,2,2022-03-14,2022-03-28,2022-03-28,2022-04-11,2,2,0.008374059554278454,False,secondary_travel_cycle,mobility_transport_ex_fuel,Secondary travel cycle,Mobility/transport ex-fuel,42830166.57000046,583728.0,290590.0,68,44979230.75000075,588882.0,293535.0,64,0.0,0.0,0.0,0,0.0,0.0,0.0,0,0.0,True,True,0.03447000338099761,0.03598396441687731,0.0015139610358797032,0.04392111654721535,93.83405508848455,97.66114517861638,3.8270900901318328,0.04078572631783766,1.2790114229362355,1.2790777894966965,6.636656046099532e-05,5.1888950536999224e-05,0.6367155983314636,0.6375531952718249,0.0008375969403612293,0.0013154961847270314
consumption_lens,cut_4w,Cut start +/-4w,cut,2022-03-30,2022-03-28,4,2022-02-28,2022-03-28,2022-03-28,2022-04-25,4,4,-0.024124809291396064,False,diagnostic_pos_terminal,reopening_foreign_pos,POS-terminal / reopening diagnostic,POS-terminal / reopening diagnostic,44391877.39,4539.0,1654.0,36,131172356.11999997,7972.0,2650.0,36,0.0,0.0,0.0,0,0.0,0.0,0.0,0,0.0,True,False,0.017484244906061267,0.053829340530877276,0.03634509562481601,2.078734072880451,48.300354063079666,143.27941871293493,94.97906464985526,1.9664258470199572,0.004942293909235897,0.008708868698460335,0.0037665747892244375,0.7621106430327145,0.0018005327524495923,0.002895893880337122,0.0010953611278875296,0.6083539032529736
consumption_lens,cut_4w,Cut start +/-4w,cut,2022-03-30,2022-03-28,4,2022-02-28,2022-03-28,2022-03-28,2022-04-25,4,4,-0.024124809291396064,False,primary_domestic,charity_prosocial,Primary domestic,Charity/prosocial,548200.42,12906.0,11560.0,44,388131.33999999997,10740.0,9580.0,40,0.0,0.0,0.0,0,0.0,0.0,0.0,0,0.0,True,True,0.00021756990151810754,0.0001581337706166285,-5.943613090147903e-05,-0.2731817704873686,0.5967856089087687,0.42358877259287286,-0.17319683631589589,-0.2902161743353511,0.014057361061522292,0.01172657767377141,-0.002330783387750881,-0.16580518758465163,0.012591931306868323,0.010461443582607683,-0.0021304877242606397,-0.16919467493430146
consumption_lens,cut_4w,Cut start +/-4w,cut,2022-03-30,2022-03-28,4,2022-02-28,2022-03-28,2022-03-28,2022-04-25,4,4,-0.024124809291396064,False,primary_domestic,direct_fuel,Primary domestic,Direct fuel,29813268.299999885,711945.0,460473.0,34,29696912.15999985,699781.0,457294.0,32,0.0,0.0,0.0,0,0.0,0.0,0.0,0,0.0,True,True,0.011936706106461617,0.012101729168289834,0.0001650230618282164,0.013824840819268021,32.515787321308146,32.43227420743288,-0.08351311387526295,-0.0025683866440021704,0.7761815905011074,0.7641753732555481,-0.01200621724555928,-0.015468309726088708,0.5020035651236976,0.49941867692457503,-0.002584888199122559,-0.005149143111136317
consumption_lens,cut_4w,Cut start +/-4w,cut,2022-03-30,2022-03-28,4,2022-02-28,2022-03-28,2022-03-28,2022-04-25,4,4,-0.024124809291396064,False,primary_domestic,education_business_pets,Primary domestic,Education/business/pets,4706906.660000005,66514.0,46315.0,28,3676414.8800000064,55432.0,38913.0,28,0.0,0.0,0.0,0,0.0,0.0,0.0,0,0.0,True,True,0.0018784008924414087,0.0014908087489620605,-0.00038759214347934817,-0.20634154564076262,5.128373365968526,4.009615809642373,-1.1187575563261536,-0.21815056675673009,0.07248819098722419,0.06050427450893104,-0.011983916478293145,-0.16532232788655565,0.05047597438934626,0.042474759446321106,-0.008001214943025158,-0.15851531426234217
consumption_lens,cut_4w,Cut start +/-4w,cut,2022-03-30,2022-03-28,4,2022-02-28,2022-03-28,2022-03-28,2022-04-25,4,4,-0.024124809291396064,False,primary_domestic,essentials_grocery_health,Primary domestic,Essentials: grocery/health,94589141.53000592,1961899.0,872182.0,32,94535323.34000602,1933347.0,866090.0,32,0.0,0.0,0.0,0,0.0,0.0,0.0,0,0.0,True,True,0.03774913940059112,0.038597621158161316,0.0008484817575701992,0.0224768503611744,103.08833097549905,103.24696269069521,0.15863171519616515,0.0015387940972084132,2.138342987734569,2.1113058050118734,-0.02703718272269562,-0.012643987834402423,0.95063667452228,0.9458596894862147,-0.004776985036065273,-0.0050250376027895565
consumption_lens,cut_4w,Cut start +/-4w,cut,2022-03-30,2022-03-28,4,2022-02-28,2022-03-28,2022-03-28,2022-04-25,4,4,-0.024124809291396064,False,primary_domestic,financial_obligations,Primary domestic,Financial obligations,22483113.489999104,458323.0,171446.0,28,24723585.149999626,516240.0,201054.0,28,0.0,0.0,0.0,0,0.0,0.0,0.0,0,0.0,True,True,0.008963584178074555,0.010051839793551724,0.001088255615477169,0.12140853411508146,24.502505728297052,27.000804805289555,2.4982990769925024,0.10196096287847442,0.4995203911983333,0.563810805412777,0.06429041421444365,0.12870428384357446,0.18682137268030413,0.21959407018143606,0.03277269750113193,0.17542263516719697
consumption_lens,cut_4w,Cut start +/-4w,cut,2022-03-30,2022-03-28,4,2022-02-28,2022-03-28,2022-03-28,2022-04-25,4,4,-0.024124809291396064,False,primary_domestic,hedonic_leisure_dining,Primary domestic,Hedonic/leisure/dining,41342553.209998906,1108615.0,658087.0,105,42350852.86999902,1124886.0,662766.0,104,0.0,0.0,0.0,0,0.0,0.0,0.0,0,0.0,True,True,0.016522180174395974,0.01727612946692145,0.0007539492925254764,0.0456325548182711,45.07301933822693,46.25689642487033,1.183877086643399,0.02626575951700976,1.208450688259445,1.2284233150429205,0.019972626783475445,0.016527465272283808,0.717182286595245,0.7237941688489886,0.006611882253743651,0.009219249244334987
consumption_lens,cut_4w,Cut start +/-4w,cut,2022-03-30,2022-03-28,4,2022-02-28,2022-03-28,2022-03-28,2022-04-25,4,4,-0.024124809291396064,False,primary_domestic,mobility_transport_ex_fuel,Primary domestic,Mobility/transport ex-fuel,523105.1299999997,3427.0,3011.0,4,505379.5000000001,3143.0,2742.0,4,0.0,0.0,0.0,0,0.0,0.0,0.0,0,0.0,True,True,0.00020773263965465248,0.00020534546385386057,-2.387175800791909e-06,-0.011491577851032447,0.5696562066717786,0.5516516720720412,-0.018004534599737387,-0.03160596582442073,0.0037306415283801554,0.0034322535443218937,-0.00029838798405826174,-0.0799830221661157,0.0032782401998007445,0.002994414072022217,-0.0002838261277785274,-0.08657880767729549
consumption_lens,cut_4w,Cut start +/-4w,cut,2022-03-30,2022-03-28,4,2022-02-28,2022-03-28,2022-03-28,2022-04-25,4,4,-0.024124809291396064,False,primary_domestic,shopping_home_personal,Primary domestic,Shopping/home/personal,55765526.82999761,983349.0,663839.0,145,55676452.42999813,970441.0,653700.0,146,0.0,0.0,0.0,0,0.0,0.0,0.0,0,0.0,True,True,0.02221522874297877,0.022668865310178726,0.00045363656719995746,0.020420071854688037,60.75874993026007,60.7791006020191,0.02035067175902583,0.00033494223930519764,1.0715796492055545,1.0597056870438362,-0.011873962161718321,-0.011080802225500843,0.723414453750829,0.7138168886769332,-0.009597565073895864,-0.013267035271597744
consumption_lens,cut_4w,Cut start +/-4w,cut,2022-03-30,2022-03-28,4,2022-02-28,2022-03-28,2022-03-28,2022-04-25,4,4,-0.024124809291396064,False,primary_domestic,utilities_housing_bills,Primary domestic,Utilities/housing/bills,74018702.4099999,500327.0,428812.0,72,54863903.52999989,462373.0,395629.0,72,0.0,0.0,0.0,0,0.0,0.0,0.0,0,0.0,True,True,0.029630859140326305,0.022304127118572013,-0.007326732021754292,-0.24726694514851003,80.74068232361432,59.89387167421961,-20.846810649394712,-0.25819463063043274,0.5448923080854873,0.5047807662786311,-0.040111541806856166,-0.07361370533526256,0.46703227187867746,0.4319199861878065,-0.03511228569087094,-0.0751817118539341
consumption_lens,cut_4w,Cut start +/-4w,cut,2022-03-30,2022-03-28,4,2022-02-28,2022-03-28,2022-03-28,2022-04-25,4,4,-0.024124809291396064,False,secondary_travel_cycle,mobility_transport_ex_fuel,Secondary travel cycle,Mobility/transport ex-fuel,82961967.55000088,1139141.0,568867.0,131,93415555.95000163,1172422.0,587783.0,133,0.0,0.0,0.0,0,0.0,0.0,0.0,0,0.0,True,True,0.03312480957916956,0.03811573896362372,0.004990929384454161,0.15067043246016704,90.43825751912243,102.01943725832398,11.581179739201545,0.12805620162189435,1.2417724671248438,1.280355813723174,0.03858334659833029,0.03107118865959785,0.6201069783240631,0.6419269127934853,0.02181993446942221,0.03518737126357459
consumption_lens,cut_6w,Cut start +/-6w,cut,2022-03-30,2022-03-28,6,2022-02-14,2022-03-28,2022-03-28,2022-05-09,6,6,0.027510880976969344,False,diagnostic_pos_terminal,reopening_foreign_pos,POS-terminal / reopening diagnostic,POS-terminal / reopening diagnostic,57235368.93000001,7285.0,2670.0,54,213696469.95,13072.0,4368.0,54,0.0,0.0,0.0,0,0.0,0.0,0.0,0,0.0,True,True,0.015210097530027722,0.05608929651261068,0.04087919898258296,2.6876355593302006,41.54992576375599,157.60113616159853,116.05121039784254,2.7930545786696457,0.005294098765811914,0.009644935893619118,0.004350837127807205,0.8218277218218749,0.001940101993241793,0.003223808851697711,0.001283706858455918,0.6616697796959229
consumption_lens,cut_6w,Cut start +/-6w,cut,2022-03-30,2022-03-28,6,2022-02-14,2022-03-28,2022-03-28,2022-05-09,6,6,0.027510880976969344,False,primary_domestic,charity_prosocial,Primary domestic,Charity/prosocial,732575.0700000001,18675.0,16698.0,64,613420.1,16897.0,15061.0,60,0.0,0.0,0.0,0,0.0,0.0,0.0,0,0.0,True,True,0.0001960331621570937,0.00016049942594752964,-3.553373620956407e-05,-0.18126390360978134,0.5321108078479994,0.45191582334221203,-0.08019498450578733,-0.1507110611605835,0.013572386328315018,0.012452493969832765,-0.0011198923584822534,-0.08251256126904587,0.012135980196776933,0.01110032724981136,-0.0010356529469655734,-0.08533739592296151
consumption_lens,cut_6w,Cut start +/-6w,cut,2022-03-30,2022-03-28,6,2022-02-14,2022-03-28,2022-03-28,2022-05-09,6,6,0.027510880976969344,False,primary_domestic,direct_fuel,Primary domestic,Direct fuel,45447049.7199998,1088739.0,705534.0,51,42842557.54999986,1031054.0,673766.0,48,0.0,0.0,0.0,0,0.0,0.0,0.0,0,0.0,True,True,0.012281255786952232,0.011273349440259083,-0.0010079063466931493,-0.08206867149236988,33.06091339310225,31.517754161054786,-1.5431592320474614,-0.04667624314243606,0.7918057516328748,0.7588372170213328,-0.03296853461154203,-0.041637149696821196,0.5131015245678684,0.49591495016320136,-0.017186574404667032,-0.033495465481497996
consumption_lens,cut_6w,Cut start +/-6w,cut,2022-03-30,2022-03-28,6,2022-02-14,2022-03-28,2022-03-28,2022-05-09,6,6,0.027510880976969344,False,primary_domestic,education_business_pets,Primary domestic,Education/business/pets,7131891.440000006,100733.0,70502.0,42,5362676.930000008,80174.0,56724.0,42,0.0,0.0,0.0,0,0.0,0.0,0.0,0,0.0,True,True,0.001922941846209907,0.0014051737813061457,-0.0005177680649037612,-0.26925830644555127,5.184605526540326,3.9424595047748983,-1.242146021765428,-0.23958351612418793,0.07324068847267229,0.05896037518805745,-0.014280313284614841,-0.1949778679366612,0.05126166416996491,0.04172335072113945,-0.009538313448825456,-0.18607108456720992
consumption_lens,cut_6w,Cut start +/-6w,cut,2022-03-30,2022-03-28,6,2022-02-14,2022-03-28,2022-03-28,2022-05-09,6,6,0.027510880976969344,False,primary_domestic,essentials_grocery_health,Primary domestic,Essentials: grocery/health,142237335.42000923,2954811.0,1312105.0,48,138771862.90000898,2851548.0,1281632.0,48,0.0,0.0,0.0,0,0.0,0.0,0.0,0,0.0,True,True,0.03834334282945199,0.036514706133895285,-0.001828636695556704,-0.04769111299685916,103.42015344931339,102.13543530807122,-1.2847181412421662,-0.012422319039313855,2.14853413161495,2.0987789251625117,-0.04975520645243847,-0.023157745422940926,0.954079848309776,0.9434152400825114,-0.01066460822726456,-0.0111778990470847
consumption_lens,cut_6w,Cut start +/-6w,cut,2022-03-30,2022-03-28,6,2022-02-14,2022-03-28,2022-03-28,2022-05-09,6,6,0.027510880976969344,False,primary_domestic,financial_obligations,Primary domestic,Financial obligations,33925494.599998645,695398.0,260292.0,42,38356877.619999364,798239.0,314192.0,42,0.0,0.0,0.0,0,0.0,0.0,0.0,0,0.0,True,True,0.009140341349030856,0.010025688084213419,0.0008853467351825628,0.09686145203717533,24.66646098273313,28.26387148635021,3.5974105036170805,0.1458421824734127,0.5056352308175688,0.5881711625187956,0.08253593170122686,0.16323216158765944,0.18924434815533497,0.2315610843644972,0.04231673620916224,0.2236089828924663
consumption_lens,cut_6w,Cut start +/-6w,cut,2022-03-30,2022-03-28,6,2022-02-14,2022-03-28,2022-03-28,2022-05-09,6,6,0.027510880976969344,False,primary_domestic,hedonic_leisure_dining,Primary domestic,Hedonic/leisure/dining,62016246.66999838,1654921.0,987132.0,157,62087076.45999863,1666346.0,986364.0,156,0.0,0.0,0.0,0,0.0,0.0,0.0,0,0.0,True,True,0.016732612771757957,0.016325522665465823,-0.00040709010629213366,-0.024329141649607665,45.10155271348142,45.698140188419224,0.596587474937806,0.013227648252550704,1.2034077431228856,1.2266404658632892,0.023232722740403666,0.019305778006807512,0.7177061781259004,0.7261788124198577,0.008472634293957282,0.01180515725262575
consumption_lens,cut_6w,Cut start +/-6w,cut,2022-03-30,2022-03-28,6,2022-02-14,2022-03-28,2022-03-28,2022-05-09,6,6,0.027510880976969344,False,primary_domestic,mobility_transport_ex_fuel,Primary domestic,Mobility/transport ex-fuel,764610.6799999997,4956.0,4344.0,6,739035.92,4628.0,4042.0,6,0.0,0.0,0.0,0,0.0,0.0,0.0,0,0.0,True,True,0.00020529175498505591,0.00019398302200722273,-1.1308732977833181e-05,-0.055086152771485604,0.5556055483771867,0.5436075935954616,-0.011997954781725051,-0.02159437539234209,0.0036003927276291483,0.0034057993282571417,-0.00019459339937200667,-0.05404782591596502,0.003156095762817718,0.0029747208690244498,-0.00018137489379326834,-0.05746812119266602
consumption_lens,cut_6w,Cut start +/-6w,cut,2022-03-30,2022-03-28,6,2022-02-14,2022-03-28,2022-03-28,2022-05-09,6,6,0.027510880976969344,False,primary_domestic,shopping_home_personal,Primary domestic,Shopping/home/personal,82573889.6399965,1468002.0,991866.0,218,81862425.85999717,1442020.0,972583.0,220,0.0,0.0,0.0,0,0.0,0.0,0.0,0,0.0,True,True,0.02222525732770474,0.021501747380918312,-0.0007235099467864277,-0.0325535014564057,60.02483809910586,60.23050752538207,0.20566942627621643,0.003426405348010095,1.067284853571761,1.0614605772656671,-0.005824276306093834,-0.005457096375538724,0.7211268694162395,0.715920374919338,-0.00520649449690147,-0.0072199424507870405
consumption_lens,cut_6w,Cut start +/-6w,cut,2022-03-30,2022-03-28,6,2022-02-14,2022-03-28,2022-03-28,2022-05-09,6,6,0.027510880976969344,False,primary_domestic,utilities_housing_bills,Primary domestic,Utilities/housing/bills,102955166.01999983,737590.0,632393.0,108,82941868.81999983,701396.0,601399.0,108,0.0,0.0,0.0,0,0.0,0.0,0.0,0,0.0,True,True,0.027758230394939982,0.021726789127067724,-0.006031441267872258,-0.21728479020664526,74.89494478339905,61.06091266062768,-13.834032122771376,-0.1847124951194006,0.5360112393223441,0.5164147827499678,-0.019596456572376297,-0.036559786688710585,0.45958175474134894,0.44281373474913804,-0.016768019992210892,-0.03648539094344134
consumption_lens,cut_6w,Cut start +/-6w,cut,2022-03-30,2022-03-28,6,2022-02-14,2022-03-28,2022-03-28,2022-05-09,6,6,0.027510880976969344,False,secondary_travel_cycle,mobility_transport_ex_fuel,Secondary travel cycle,Mobility/transport ex-fuel,120799419.02000141,1705450.0,850981.0,198,142904727.9800027,1754478.0,878241.0,200,0.0,0.0,0.0,0,0.0,0.0,0.0,0,0.0,True,True,0.03254725208778993,0.037435606089176086,0.0048883540013861596,0.1501925258759409,87.84318342684271,105.29261111314035,17.44942768629764,0.19864293398280378,1.240186755389437,1.291792815825739,0.051606060436302004,0.04161152359678034,0.6188175113054734,0.6466428225010624,0.027825311195589064,0.0449652937857044
consumption_lens,cut_8w,Cut start +/-8w,cut,2022-03-30,2022-03-28,8,2022-01-31,2022-03-28,2022-03-28,2022-05-23,8,8,0.07504638821949143,False,diagnostic_pos_terminal,reopening_foreign_pos,POS-terminal / reopening diagnostic,POS-terminal / reopening diagnostic,64437398.04000001,9819.0,3556.0,72,357490785.22,18813.0,6243.0,72,0.0,0.0,0.0,0,0.0,0.0,0.0,0,0.0,True,True,0.013021344412267901,0.0675684785906478,0.05454713417837989,4.189055480860254,35.055355135481655,199.7175654342272,164.66221029874555,4.69720559561757,0.005346200727938276,0.010492376063911938,0.0051461753359736614,0.962585506578659,0.0019356494067261929,0.003482243628926677,0.0015465942222004842,0.7990053450930836
consumption_lens,cut_8w,Cut start +/-8w,cut,2022-03-30,2022-03-28,8,2022-01-31,2022-03-28,2022-03-28,2022-05-23,8,8,0.07504638821949143,False,primary_domestic,charity_prosocial,Primary domestic,Charity/prosocial,952362.8200000001,24834.0,22175.0,84,802420.9299999999,22275.0,19861.0,82,0.0,0.0,0.0,0,0.0,0.0,0.0,0,0.0,True,True,0.0001963905590500388,0.00015498864192071613,-4.1401917129322674e-05,-0.21081419254361297,0.5179765040354165,0.4462195454125782,-0.07175695862283832,-0.13853323087784683,0.01351425046906662,0.012392157647654225,-0.0011220928214123963,-0.08303034074888617,0.012067739942745636,0.011049975047276369,-0.0010177648954692673,-0.08433765562549128
consumption_lens,cut_8w,Cut start +/-8w,cut,2022-03-30,2022-03-28,8,2022-01-31,2022-03-28,2022-03-28,2022-05-23,8,8,0.07504638821949143,False,primary_domestic,direct_fuel,Primary domestic,Direct fuel,59153147.66999967,1453319.0,931023.0,67,56814687.89999988,1364891.0,890730.0,64,0.0,0.0,0.0,0,0.0,0.0,0.0,0,0.0,True,True,0.012310773631173033,0.011014133643517042,-0.0012966399876559905,-0.10532562993219785,32.22660239913925,31.569355359879644,-0.6572470392596088,-0.02039454954386266,0.7914959181662851,0.7586368536834153,-0.03285906448286979,-0.04151514079693137,0.5070622650348844,0.49510055665771735,-0.011961708377167035,-0.023590216038545296
consumption_lens,cut_8w,Cut start +/-8w,cut,2022-03-30,2022-03-28,8,2022-01-31,2022-03-28,2022-03-28,2022-05-23,8,8,0.07504638821949143,False,primary_domestic,education_business_pets,Primary domestic,Education/business/pets,9620161.160000004,138977.0,97424.0,56,7404504.360000012,105723.0,75469.0,56,0.0,0.0,0.0,0,0.0,0.0,0.0,0,0.0,True,True,0.0020031363099665277,0.0014291815827308105,-0.0005739547272357172,-0.2865280432390085,5.236072514455699,4.116020047931278,-1.1200524665244211,-0.2139108011648408,0.07565066281040284,0.05872417352194127,-0.016926489288461563,-0.22374541953297963,0.05303171343721541,0.041933612343950745,-0.011098101093264666,-0.20927291188514546
consumption_lens,cut_8w,Cut start +/-8w,cut,2022-03-30,2022-03-28,8,2022-01-31,2022-03-28,2022-03-28,2022-05-23,8,8,0.07504638821949143,False,primary_domestic,essentials_grocery_health,Primary domestic,Essentials: grocery/health,189473793.29001242,3942015.0,1748384.0,64,184423072.6400121,3808458.0,1705028.0,64,0.0,0.0,0.0,0,0.0,0.0,0.0,0,0.0,True,True,0.03943293798257994,0.035764565322331424,-0.0036683726602485187,-0.09302813454754688,103.16883686924191,102.51686397515257,-0.6519728940893401,-0.006319475084474032,2.1465325071623265,2.1173039118447106,-0.029228595317615902,-0.013616656267766253,0.9520499118050503,0.9479144270551112,-0.004135484749939078,-0.004343768849364585
consumption_lens,cut_8w,Cut start +/-8w,cut,2022-03-30,2022-03-28,8,2022-01-31,2022-03-28,2022-03-28,2022-05-23,8,8,0.07504638821949143,False,primary_domestic,financial_obligations,Primary domestic,Financial obligations,44960118.42999825,928051.0,344986.0,56,51720003.23999916,1075092.0,421554.0,56,0.0,0.0,0.0,0,0.0,0.0,0.0,0,0.0,True,True,0.009347068653799407,0.009969642013702748,0.000622573359903341,0.06660626801433375,24.479409176987605,28.783606169072307,4.304196992084702,0.1758292841532693,0.5053124209312486,0.5982942631110213,0.09298184217977268,0.18400862185104197,0.1878361416967785,0.23461707869183668,0.04678093699505817,0.24905184152779308
consumption_lens,cut_8w,Cut start +/-8w,cut,2022-03-30,2022-03-28,8,2022-01-31,2022-03-28,2022-03-28,2022-05-23,8,8,0.07504638821949143,False,primary_domestic,hedonic_leisure_dining,Primary domestic,Hedonic/leisure/dining,80982800.48999797,2168401.0,1298549.0,208,81989236.47999828,2197147.0,1304116.0,208,0.0,0.0,0.0,0,0.0,0.0,0.0,0,0.0,True,True,0.01683876833114589,0.015893570125273558,-0.0009451982058723309,-0.05613226497831445,44.10890231907638,45.57125132146468,1.4623490023883008,0.03315314880905251,1.1809339218438066,1.2212941111065705,0.04036018926276386,0.034176500916959854,0.7071040832491757,0.7250094802081755,0.01790539695899973,0.02532215183473925
consumption_lens,cut_8w,Cut start +/-8w,cut,2022-03-30,2022-03-28,8,2022-01-31,2022-03-28,2022-03-28,2022-05-23,8,8,0.07504638821949143,False,primary_domestic,mobility_transport_ex_fuel,Primary domestic,Mobility/transport ex-fuel,1029732.2399999995,6547.0,5738.0,8,987807.69,6136.0,5367.0,8,0.0,0.0,0.0,0,0.0,0.0,0.0,0,0.0,True,True,0.0002140286545548829,0.00019126287622048027,-2.276577833440263e-05,-0.10636789911027941,0.5605198534041875,0.5489433699454355,-0.011576483458752063,-0.020653119400579605,0.0035625341291844513,0.003410428787341926,-0.00015210534184252524,-0.04269582727544164,0.0031226581420551553,0.002983250653849051,-0.00013940748820610426,-0.0446438520850554
consumption_lens,cut_8w,Cut start +/-8w,cut,2022-03-30,2022-03-28,8,2022-01-31,2022-03-28,2022-03-28,2022-05-23,8,8,0.07504638821949143,False,primary_domestic,shopping_home_personal,Primary domestic,Shopping/home/personal,111039798.19999535,1966226.0,1329270.0,290,107627784.34999624,1904632.0,1286955.0,294,0.0,0.0,0.0,0,0.0,0.0,0.0,0,0.0,True,True,0.023090692690975474,0.020851509717412356,-0.0022391829735631183,-0.09697339978190682,60.43909387691173,59.798907556625075,-0.6401863202866522,-0.010592255429746095,1.0704915003909952,1.0587030505812303,-0.0117884498097649,-0.011012184408245362,0.7237077883390468,0.7154003895929759,-0.008307398746070893,-0.011478940644174738
consumption_lens,cut_8w,Cut start +/-8w,cut,2022-03-30,2022-03-28,8,2022-01-31,2022-03-28,2022-03-28,2022-05-23,8,8,0.07504638821949143,False,primary_domestic,utilities_housing_bills,Primary domestic,Utilities/housing/bills,131141703.00999978,974656.0,837449.0,144,112081289.65999976,941480.0,807605.0,144,0.0,0.0,0.0,0,0.0,0.0,0.0,0,0.0,True,True,0.027176884885115923,0.021632536235746132,-0.005544348649369792,-0.2040097190243569,71.43993362667439,62.3362136319944,-9.103719994679992,-0.12743180924906158,0.5304457878588517,0.5235972315497008,-0.006848556309150822,-0.012910944842818094,0.4557803409765145,0.44916736997062323,-0.006612971005891255,-0.014509118562952695
consumption_lens,cut_8w,Cut start +/-8w,cut,2022-03-30,2022-03-28,8,2022-01-31,2022-03-28,2022-03-28,2022-05-23,8,8,0.07504638821949143,False,secondary_travel_cycle,mobility_transport_ex_fuel,Secondary travel cycle,Mobility/transport ex-fuel,153656075.43000206,2252303.0,1122421.0,269,201760306.110004,2330759.0,1163435.0,269,0.0,0.0,0.0,0,0.0,0.0,0.0,0,0.0,True,True,0.03184763266160879,0.03872616368519646,0.006878531023587674,0.2159824906508515,83.70082250345877,112.3613208036889,28.66049830023013,0.34241596967635285,1.226634208361972,1.2959796693888586,0.06934546102688666,0.05653312173601411,0.6112672065245076,0.6468771073049483,0.035609900780440684,0.05825586650216115
consumption_lens,cut_12w,Cut start +/-12w,cut,2022-03-30,2022-03-28,12,2022-01-03,2022-03-28,2022-03-28,2022-06-20,12,12,0.19573222323656578,False,diagnostic_pos_terminal,reopening_foreign_pos,POS-terminal / reopening diagnostic,POS-terminal / reopening diagnostic,86377655.62000002,14689.0,5464.0,108,804826516.81,35660.0,11479.0,108,0.0,0.0,0.0,0,0.0,0.0,0.0,0,0.0,True,True,0.012328862488238064,0.09564737388812376,0.08331851139988569,6.758004761540078,31.383212707823812,301.2534441149537,269.8702314071299,8.59919071764923,0.005339932404358989,0.013322542135069693,0.007982609730710704,1.4948896589392209,0.00198617128514347,0.004288296506901923,0.0023021252217584527,1.1590768827332834
consumption_lens,cut_12w,Cut start +/-12w,cut,2022-03-30,2022-03-28,12,2022-01-03,2022-03-28,2022-03-28,2022-06-20,12,12,0.19573222323656578,False,primary_domestic,charity_prosocial,Primary domestic,Charity/prosocial,1378570.4,36922.0,33007.0,125,1215640.73,33749.0,30157.0,125,0.0,0.0,0.0,0,0.0,0.0,0.0,0,0.0,True,True,0.00020379360155564207,0.00014998887452943163,-5.3804727026210436e-05,-0.2640157817296342,0.5006251005369603,0.45242464618353956,-0.04820045435342074,-0.0962805386739936,0.013417358509214916,0.012567262711101703,-0.000850095798113213,-0.06335791039118283,0.011995095713557261,0.01123063665901939,-0.0007644590545378711,-0.06373096745479519
consumption_lens,cut_12w,Cut start +/-12w,cut,2022-03-30,2022-03-28,12,2022-01-03,2022-03-28,2022-03-28,2022-06-20,12,12,0.19573222323656578,False,primary_domestic,direct_fuel,Primary domestic,Direct fuel,85186888.56999941,2120121.0,1355539.0,98,86424514.75999987,2041065.0,1331215.0,96,0.0,0.0,0.0,0,0.0,0.0,0.0,0,0.0,True,True,0.012604617460123216,0.010692711769532954,-0.0019119056905902623,-0.15168296036265208,30.98136184192414,32.16742589152874,1.186064049604596,0.0382831476439363,0.7709020449247563,0.7596767100079216,-0.01122533491683475,-0.014561298663996145,0.4928827003161558,0.4954795061811965,0.002596805865040741,0.005268608257857377
consumption_lens,cut_12w,Cut start +/-12w,cut,2022-03-30,2022-03-28,12,2022-01-03,2022-03-28,2022-03-28,2022-06-20,12,12,0.19573222323656578,False,primary_domestic,education_business_pets,Primary domestic,Education/business/pets,14089555.420000006,207173.0,145003.0,84,10865960.890000014,154426.0,111293.0,84,0.0,0.0,0.0,0,0.0,0.0,0.0,0,0.0,True,True,0.002088519303029907,0.0013444378497374562,-0.000744081453292451,-0.3562722413975199,5.121809631207075,4.044183195955694,-1.0776264352513811,-0.2103995487621068,0.07531171996028434,0.05744014243118046,-0.01787157752910388,-0.23730141256272544,0.05271211347886027,0.041408221961117285,-0.011303891517742984,-0.214445803283458
consumption_lens,cut_12w,Cut start +/-12w,cut,2022-03-30,2022-03-28,12,2022-01-03,2022-03-28,2022-03-28,2022-06-20,12,12,0.19573222323656578,False,primary_domestic,essentials_grocery_health,Primary domestic,Essentials: grocery/health,286302277.68001765,5909372.0,2616641.0,96,273980040.860018,5693198.0,2545856.0,96,0.0,0.0,0.0,0,0.0,0.0,0.0,0,0.0,True,True,0.04270918247766995,0.033980116310385014,-0.008729066167284937,-0.20438382710436656,104.09112526121311,101.976770136382,-2.114355124831107,-0.020312539801305877,2.1485298046775454,2.1193243607736734,-0.02920544390387203,-0.013593222602865045,0.9513636937643434,0.9477054254731159,-0.0036582682912275066,-0.0038452889417637105
consumption_lens,cut_12w,Cut start +/-12w,cut,2022-03-30,2022-03-28,12,2022-01-03,2022-03-28,2022-03-28,2022-06-20,12,12,0.19573222323656578,False,primary_domestic,financial_obligations,Primary domestic,Financial obligations,69291529.84999898,1444088.0,521939.0,84,78801690.35999879,1636646.0,644523.0,84,0.0,0.0,0.0,0,0.0,0.0,0.0,0,0.0,True,True,0.010353850063518128,0.009711653731915489,-0.0006421963316026388,-0.0620248823058992,25.19198830201928,29.358343285393175,4.166354983373896,0.1653841266288592,0.5250430866622479,0.6097395480899053,0.08469646142765741,0.16131335423551885,0.18975415443944876,0.24011894947545395,0.05036479503600519,0.265421303606171
consumption_lens,cut_12w,Cut start +/-12w,cut,2022-03-30,2022-03-28,12,2022-01-03,2022-03-28,2022-03-28,2022-06-20,12,12,0.19573222323656578,False,primary_domestic,hedonic_leisure_dining,Primary domestic,Hedonic/leisure/dining,123254759.39999692,3266945.0,1955671.0,311,120470899.40999763,3232201.0,1931221.0,312,0.0,0.0,0.0,0,0.0,0.0,0.0,0,0.0,True,True,0.018397114177927876,0.014951450669981435,-0.0034456635079464417,-0.18729369588195585,44.822978787199794,44.834008868483856,0.011030081284062021,0.00024608095183562207,1.1879667500165512,1.2029485586846378,0.014981808668086627,0.012611303025002926,0.7110701569155582,0.7188688029044535,0.0077986459888953474,0.010967477559069409
consumption_lens,cut_12w,Cut start +/-12w,cut,2022-03-30,2022-03-28,12,2022-01-03,2022-03-28,2022-03-28,2022-06-20,12,12,0.19573222323656578,False,primary_domestic,mobility_transport_ex_fuel,Primary domestic,Mobility/transport ex-fuel,1524529.6199999994,9701.0,8520.0,12,1470654.6899999997,9088.0,7962.0,12,0.0,0.0,0.0,0,0.0,0.0,0.0,0,0.0,True,True,0.00022636883851009966,0.00018212389750719746,-4.4244941002902205e-05,-0.19545508690202593,0.5541299678824091,0.5472910717632653,-0.006838896119143789,-0.012341682485209064,0.0035253160461828754,0.0033824620795983736,-0.00014285396658450175,-0.04052231479761381,0.003096439250863512,0.0029635875819434437,-0.00013285166892006844,-0.04290465859552056
consumption_lens,cut_12w,Cut start +/-12w,cut,2022-03-30,2022-03-28,12,2022-01-03,2022-03-28,2022-03-28,2022-06-20,12,12,0.19573222323656578,False,primary_domestic,shopping_home_personal,Primary domestic,Shopping/home/personal,169614752.18999282,2989469.0,2013754.0,429,160405304.48999435,2842519.0,1924823.0,441,0.0,0.0,0.0,0,0.0,0.0,0.0,0,0.0,True,True,0.02535693755796076,0.01987659790141412,-0.005480339656546641,-0.21612782079932594,61.647592388563545,59.681168124394695,-1.9664242641688503,-0.031897827441086705,1.0868220781940428,1.0579822134125896,-0.028839864781453173,-0.026535957780114274,0.7320935858900123,0.7164460244123553,-0.015647561477657,-0.02137371748535965
consumption_lens,cut_12w,Cut start +/-12w,cut,2022-03-30,2022-03-28,12,2022-01-03,2022-03-28,2022-03-28,2022-06-20,12,12,0.19573222323656578,False,primary_domestic,utilities_housing_bills,Primary domestic,Utilities/housing/bills,186236897.39999974,1443033.0,1241717.0,216,178829840.98999965,1403016.0,1204520.0,216,0.0,0.0,0.0,0,0.0,0.0,0.0,0,0.0,True,True,0.027419946848520574,0.021953992331109676,-0.005465954517410897,-0.19934227252908807,67.71946198677294,66.651206472022,-1.0682555147509447,-0.015774719458928926,0.5244293367964422,0.5223449977658773,-0.00208433903056493,-0.003974489763096469,0.45127350660429705,0.4484654481872772,-0.0028080584170198652,-0.006222519992697322
consumption_lens,cut_12w,Cut start +/-12w,cut,2022-03-30,2022-03-28,12,2022-01-03,2022-03-28,2022-03-28,2022-06-20,12,12,0.19573222323656578,False,secondary_travel_cycle,mobility_transport_ex_fuel,Secondary travel cycle,Mobility/transport ex-fuel,219718361.06000334,3261188.0,1632842.0,409,339728801.7700083,3523614.0,1751939.0,404,0.0,0.0,0.0,0,0.0,0.0,0.0,0,0.0,True,True,0.03244541757466368,0.041467240461057805,0.009021822886394124,0.278061543379216,79.89696468499945,126.76755144550134,46.870586760501894,0.5866378897532986,1.1857252954140631,1.3119648858472284,0.12623959043316524,0.10646613589286845,0.5936674178110127,0.6522619342998818,0.05859451648886904,0.09869922911538652
consumption_lens,cut_period_26w,Cut period 26w,cut,2022-03-30,2022-03-28,26,2021-09-27,2022-03-28,2022-03-28,2022-09-26,26,26,0.36148823219308174,False,diagnostic_pos_terminal,reopening_foreign_pos,POS-terminal / reopening diagnostic,POS-terminal / reopening diagnostic,286744282.81,25523.0,9980.0,234,3946039543.33,139657.0,40771.0,234,0.0,0.0,0.0,0,0.0,0.0,0.0,0,0.0,True,True,0.018110231290999316,0.17236244106090798,0.15425220976990867,8.517406944800928,48.088197057633,681.474089345216,633.385892287583,13.171337896666811,0.004281191229471238,0.024114394970777893,0.019833203741306656,4.632636730818543,0.0016738032094347417,0.007039444605886785,0.005365641396452043,3.2056584467083606
consumption_lens,cut_period_26w,Cut period 26w,cut,2022-03-30,2022-03-28,26,2021-09-27,2022-03-28,2022-03-28,2022-09-26,26,26,0.36148823219308174,False,primary_domestic,charity_prosocial,Primary domestic,Charity/prosocial,2828263.2600000002,78462.0,70304.0,275,2602323.68,73133.0,65245.0,266,0.0,0.0,0.0,0,0.0,0.0,0.0,0,0.0,True,True,0.00018142898625746133,0.0001265085249453769,-5.492046131208442e-05,-0.30271051194734766,0.473624431310235,0.44814767474541356,-0.025476756564821457,-0.05379105232038503,0.01314543019761134,0.012602116448697291,-0.000543313748914049,-0.041330997977743984,0.011778964043386058,0.011243435610061962,-0.0005355284333240957,-0.04546481603573596
consumption_lens,cut_period_26w,Cut period 26w,cut,2022-03-30,2022-03-28,26,2021-09-27,2022-03-28,2022-03-28,2022-09-26,26,26,0.36148823219308174,False,primary_domestic,direct_fuel,Primary domestic,Direct fuel,177368357.87999833,4584117.0,2896644.0,211,192860544.3599997,4394292.0,2853691.0,209,0.0,0.0,0.0,0,0.0,0.0,0.0,0,0.0,True,True,0.011446155615586841,0.009318910149729203,-0.0021272454658576388,-0.185848029443253,29.743443680322734,33.237793813405716,3.494350133082982,0.11748303830046172,0.7685495804625317,0.7571101682719529,-0.011439412190578868,-0.014884416674451052,0.48563807083890226,0.4916755689779461,0.006037498139043862,0.012432093984342188
consumption_lens,cut_period_26w,Cut period 26w,cut,2022-03-30,2022-03-28,26,2021-09-27,2022-03-28,2022-03-28,2022-09-26,26,26,0.36148823219308174,False,primary_domestic,education_business_pets,Primary domestic,Education/business/pets,26735047.78000002,425643.0,296602.0,182,27614040.030000024,374083.0,258512.0,183,0.0,0.0,0.0,0,0.0,0.0,0.0,0,0.0,True,True,0.0017347149210920902,0.001302507326299187,-0.0004322075947929033,-0.2491519439521549,4.482389971886561,4.7589598279130305,0.27656985602646955,0.06170142664094576,0.07136661423299744,0.06443727161914121,-0.006929342613856221,-0.09709501688329127,0.04972815430851774,0.04453446058602254,-0.005193693722495202,-0.10444171505487776
consumption_lens,cut_period_26w,Cut period 26w,cut,2022-03-30,2022-03-28,26,2021-09-27,2022-03-28,2022-03-28,2022-09-26,26,26,0.36148823219308174,False,primary_domestic,essentials_grocery_health,Primary domestic,Essentials: grocery/health,623143146.1400397,12841141.0,5690545.0,208,598739935.8500376,12400107.0,5513504.0,208,0.0,0.0,0.0,0,0.0,0.0,0.0,0,0.0,True,True,0.04043455792432879,0.029021278529369594,-0.011413279394959196,-0.2822654674825075,104.4754198566812,103.16265637744299,-1.312763479238214,-0.012565285509635237,2.1528047530274077,2.136677701246664,-0.016127051780743695,-0.007491181798100749,0.9540014607019978,0.9500297539914472,-0.003971706710550582,-0.004163208206859578
consumption_lens,cut_period_26w,Cut period 26w,cut,2022-03-30,2022-03-28,26,2021-09-27,2022-03-28,2022-03-28,2022-09-26,26,26,0.36148823219308174,False,primary_domestic,financial_obligations,Primary domestic,Financial obligations,154701082.67000058,3238768.0,1186383.0,181,178793128.9099986,3631002.0,1423662.0,182,0.0,0.0,0.0,0,0.0,0.0,0.0,0,0.0,True,True,0.01005442367432418,0.008583818573324728,-0.0014706051009994517,-0.14626448503009798,25.935373765561152,30.820118858609042,4.88474509304789,0.18834296113110985,0.5429984840841444,0.6259090098672929,0.0829105257831485,0.15269016067879201,0.198867052377813,0.2453775485503953,0.04651049617258232,0.23387733471415076
consumption_lens,cut_period_26w,Cut period 26w,cut,2022-03-30,2022-03-28,26,2021-09-27,2022-03-28,2022-03-28,2022-09-26,26,26,0.36148823219308174,False,primary_domestic,hedonic_leisure_dining,Primary domestic,Hedonic/leisure/dining,292200382.51999354,7458114.0,4415065.0,668,260612826.45999506,6952940.0,4153415.0,677,0.0,0.0,0.0,0,0.0,0.0,0.0,0,0.0,True,True,0.018962223353220113,0.012659500337627583,-0.00630272301559253,-0.33238312291697686,48.9797958362196,44.89996028984149,-4.0798355463781135,-0.08329629547702513,1.2500939244988443,1.1979158749454428,-0.05217804955340144,-0.04173930336820038,0.7400780680186219,0.7156456714635071,-0.024432396555114755,-0.03301326928999061
consumption_lens,cut_period_26w,Cut period 26w,cut,2022-03-30,2022-03-28,26,2021-09-27,2022-03-28,2022-03-28,2022-09-26,26,26,0.36148823219308174,False,primary_domestic,mobility_transport_ex_fuel,Primary domestic,Mobility/transport ex-fuel,3216345.689999999,20613.0,18084.0,26,3282781.9600000004,19623.0,17203.0,26,0.0,0.0,0.0,0,0.0,0.0,0.0,0,0.0,True,True,0.00020845121038072644,0.0001586905384019981,-4.976067197872834e-05,-0.23871615754997436,0.5391972305698489,0.5655335889952161,0.02633635842536719,0.04884364557572689,0.0034550761124126843,0.003381101103165846,-7.39750092468381e-05,-0.021410529562887474,0.003031408051327981,0.002964291702796364,-6.711634853161707e-05,-0.022140321393622722
consumption_lens,cut_period_26w,Cut period 26w,cut,2022-03-30,2022-03-28,26,2021-09-27,2022-03-28,2022-03-28,2022-09-26,26,26,0.36148823219308174,False,primary_domestic,shopping_home_personal,Primary domestic,Shopping/home/personal,416017418.77998424,6828328.0,4589452.0,935,355502715.1899866,6261978.0,4217508.0,961,0.0,0.0,0.0,0,0.0,0.0,0.0,0,0.0,True,True,0.026719182608181194,0.017194093776743857,-0.009525088831437337,-0.3564887807803235,69.71820809432376,61.24307510033191,-8.47513299399185,-0.12156269109105042,1.1446791585101903,1.078969620901386,-0.06570953760880438,-0.057404327771919866,0.7693546116842789,0.7266887129672496,-0.042665898717029305,-0.05545674006375901
consumption_lens,cut_period_26w,Cut period 26w,cut,2022-03-30,2022-03-28,26,2021-09-27,2022-03-28,2022-03-28,2022-09-26,26,26,0.36148823219308174,False,primary_domestic,utilities_housing_bills,Primary domestic,Utilities/housing/bills,395079028.3799988,3027727.0,2616733.0,468,404578481.0099992,3090451.0,2645584.0,468,0.0,0.0,0.0,0,0.0,0.0,0.0,0,0.0,True,True,0.025123917079592637,0.019470313103561437,-0.0056536039760312,-0.22502876275704015,66.26314449062741,69.73754406233626,3.474399571708844,0.05243336395241974,0.5074350305097286,0.5325240838366155,0.025089053326886934,0.049442887893814666,0.43855626748260634,0.45587419846013444,0.017317930977528095,0.039488504124992226
consumption_lens,cut_period_26w,Cut period 26w,cut,2022-03-30,2022-03-28,26,2021-09-27,2022-03-28,2022-03-28,2022-09-26,26,26,0.36148823219308174,False,secondary_travel_cycle,mobility_transport_ex_fuel,Secondary travel cycle,Mobility/transport ex-fuel,453982626.16000855,7183293.0,3562200.0,857,1120926237.220021,7906553.0,3877702.0,888,0.0,0.0,0.0,0,0.0,0.0,0.0,0,0.0,True,True,0.029271985014402264,0.05036782446987087,0.021095839455468605,0.7206835971352517,76.1289367587573,193.4736167935941,117.34468003483678,1.5413939170947153,1.2042193755254347,1.362574428184999,0.1583550526595643,0.131500170050386,0.5971799643578026,0.6682197571065568,0.07103979274875416,0.11895876785677023
consumption_lens,restore_2w,Restoration +/-2w,restore,2022-09-29,2022-09-26,2,2022-09-12,2022-09-26,2022-09-26,2022-10-10,2,2,-0.07424771880479022,False,diagnostic_pos_terminal,reopening_foreign_pos,POS-terminal / reopening diagnostic,POS-terminal / reopening diagnostic,573344912.2599999,12480.0,3615.0,18,388769796.86999995,11325.0,3382.0,18,0.0,0.0,0.0,0,0.0,0.0,0.0,0,0.0,True,True,0.30258691843034385,0.22520231155416526,-0.0773846068761786,-0.25574339855010186,1290.9663026488372,864.8123090164848,-426.15399363235235,-0.3301046609489023,0.028114246139989814,0.025208086167078352,-0.0029061599729114616,-0.10336965673704224,0.00814336573917202,0.007528509347320014,-0.0006148563918520061,-0.0755039637842082
consumption_lens,restore_2w,Restoration +/-2w,restore,2022-09-29,2022-09-26,2,2022-09-12,2022-09-26,2022-09-26,2022-10-10,2,2,-0.07424771880479022,False,primary_domestic,charity_prosocial,Primary domestic,Charity/prosocial,179213.26,5422.0,4786.0,21,214360.78999999998,6290.0,5621.0,20,0.0,0.0,0.0,0,0.0,0.0,0.0,0,0.0,True,True,9.583334029255561e-05,0.000124153990703993,2.8320650411437382e-05,0.29551980892016705,0.40361170809172076,0.47690467956941074,0.07329297147768998,0.18159277842612573,0.012211639729824544,0.01399923309130377,0.0017875933614792255,0.14638438416369082,0.01077914190798568,0.012510619347579877,0.0017314774395941965,0.16063221491790908
consumption_lens,restore_2w,Restoration +/-2w,restore,2022-09-29,2022-09-26,2,2022-09-12,2022-09-26,2022-09-26,2022-10-10,2,2,-0.07424771880479022,False,primary_domestic,direct_fuel,Primary domestic,Direct fuel,14969715.17999997,339281.0,220413.0,17,14286207.709999971,335960.0,220029.0,17,0.0,0.0,0.0,0,0.0,0.0,0.0,0,0.0,True,True,0.008224841465562408,0.008269990331655298,4.514886609289018e-05,0.005489329646283089,33.729203356130604,31.798162960715572,-1.9310403954150317,-0.05725128978073082,0.7643938993003263,0.747783618372019,-0.016610280928307297,-0.02173000195777492,0.4965950467369669,0.4897423978429496,-0.006852648894017321,-0.013799269523618478
consumption_lens,restore_2w,Restoration +/-2w,restore,2022-09-29,2022-09-26,2,2022-09-12,2022-09-26,2022-09-26,2022-10-10,2,2,-0.07424771880479022,False,primary_domestic,education_business_pets,Primary domestic,Education/business/pets,1659170.7700000033,22680.0,17423.0,14,1524581.440000003,21531.0,16593.0,14,0.0,0.0,0.0,0,0.0,0.0,0.0,0,0.0,True,True,0.0008991159993765698,0.0008826447292832758,-1.6471270093293975e-05,-0.018319404954104748,3.737504479629531,3.3930821176620967,-0.3444223619674345,-0.09215302987451518,0.0510908633999625,0.04791724692276837,-0.0031736164771941286,-0.062117104037753605,0.03924958411099369,0.03692695445886856,-0.0023226296521251313,-0.05917590478301577
consumption_lens,restore_2w,Restoration +/-2w,restore,2022-09-29,2022-09-26,2,2022-09-12,2022-09-26,2022-09-26,2022-10-10,2,2,-0.07424771880479022,False,primary_domestic,essentials_grocery_health,Primary domestic,Essentials: grocery/health,47680926.88000266,979011.0,429646.0,16,47328403.82000317,978979.0,428112.0,16,0.0,0.0,0.0,0,0.0,0.0,0.0,0,0.0,True,True,0.026120745784327083,0.027399781076959007,0.0012790352926319234,0.04896626241810322,107.42749699108103,105.33541367811173,-2.0920833129692937,-0.019474374546239175,2.205734929587373,2.1789079499246737,-0.026826979662699202,-0.012162376948764975,0.9679975087221451,0.9528420770899098,-0.015155431632235317,-0.015656477930652966
consumption_lens,restore_2w,Restoration +/-2w,restore,2022-09-29,2022-09-26,2,2022-09-12,2022-09-26,2022-09-26,2022-10-10,2,2,-0.07424771880479022,False,primary_domestic,financial_obligations,Primary domestic,Financial obligations,14284699.340000141,290260.0,108646.0,14,14361551.350000001,296634.0,114877.0,14,0.0,0.0,0.0,0,0.0,0.0,0.0,0,0.0,True,True,0.007777065346609008,0.008314297947317906,0.0005372326007088988,0.0690790904750653,32.18073470577197,31.96353346267872,-0.21720124309324973,-0.0067494184044931795,0.6539039739607666,0.6601844792774738,0.006280505316707208,0.009604629374960842,0.24476768378905217,0.25566073688025676,0.010893053091204585,0.04450364085069552
consumption_lens,restore_2w,Restoration +/-2w,restore,2022-09-29,2022-09-26,2,2022-09-12,2022-09-26,2022-09-26,2022-10-10,2,2,-0.07424771880479022,False,primary_domestic,hedonic_leisure_dining,Primary domestic,Hedonic/leisure/dining,21621096.23999958,556047.0,327962.0,52,21473018.269999564,553004.0,330868.0,53,0.0,0.0,0.0,0,0.0,0.0,0.0,0,0.0,True,True,0.011925864724336523,0.01242954912241665,0.0005036843980801269,0.04223462279026888,48.71911650791532,47.79700529795022,-0.9221112099650952,-0.01892709219830128,1.2528746529326837,1.2308987576571573,-0.021975895275526458,-0.017540378220667226,0.7389437405322276,0.7364584882677946,-0.002485252264432969,-0.003363249633379335
consumption_lens,restore_2w,Restoration +/-2w,restore,2022-09-29,2022-09-26,2,2022-09-12,2022-09-26,2022-09-26,2022-10-10,2,2,-0.07424771880479022,False,primary_domestic,mobility_transport_ex_fuel,Primary domestic,Mobility/transport ex-fuel,267068.81,1515.0,1333.0,2,271140.43000000017,1606.0,1409.0,2,0.0,0.0,0.0,0,0.0,0.0,0.0,0,0.0,True,False,0.0001454732504053286,0.0001569116092695194,1.1438358864190786e-05,0.0786286058249222,0.6016607478423676,0.6036574713046914,0.001996723462323824,0.0033186866011856845,0.003413308908650329,0.0035746885581048275,0.00016137964945449855,0.04727953249280047,0.003003351990040525,0.003136180722767061,0.00013282873272653633,0.04422682827953977
consumption_lens,restore_2w,Restoration +/-2w,restore,2022-09-29,2022-09-26,2,2022-09-12,2022-09-26,2022-09-26,2022-10-10,2,2,-0.07424771880479022,False,primary_domestic,shopping_home_personal,Primary domestic,Shopping/home/personal,29257380.609998792,495887.0,331368.0,72,29403731.999998778,512069.0,340082.0,73,0.0,0.0,0.0,0,0.0,0.0,0.0,0,0.0,True,True,0.016090509079527228,0.01702299518635518,0.0009324861068279525,0.0579525546531279,65.92273125185433,65.44067300239396,-0.4820582494603656,-0.007312473866088578,1.117286510855084,1.139701248309725,0.022414737454641065,0.020061763242345574,0.7466097857821832,0.756895273503503,0.010285487721319875,0.013776256241463964
consumption_lens,restore_2w,Restoration +/-2w,restore,2022-09-29,2022-09-26,2,2022-09-12,2022-09-26,2022-09-26,2022-10-10,2,2,-0.07424771880479022,False,primary_domestic,utilities_housing_bills,Primary domestic,Utilities/housing/bills,30274918.68999996,238191.0,202199.0,36,29678352.90999995,245247.0,208538.0,36,0.0,0.0,0.0,0,0.0,0.0,0.0,0,0.0,True,True,0.01643426499758764,0.01718181463476235,0.000747549637174709,0.045487257098777496,68.2002836909048,66.05243683034368,-2.147846860561117,-0.03149322472462903,0.5366078644336225,0.5458281259181603,0.009220261484537806,0.017182494137072672,0.4555248112574296,0.46412278624512504,0.008597974987695434,0.018874877449510608
consumption_lens,restore_2w,Restoration +/-2w,restore,2022-09-29,2022-09-26,2,2022-09-12,2022-09-26,2022-09-26,2022-10-10,2,2,-0.07424771880479022,False,secondary_travel_cycle,mobility_transport_ex_fuel,Secondary travel cycle,Mobility/transport ex-fuel,130308540.46000159,653681.0,314432.0,72,109927274.08999926,656461.0,316071.0,71,0.0,0.0,0.0,0,0.0,0.0,0.0,0,0.0,True,True,0.0668577622941228,0.0636384121856674,-0.0032193501084553933,-0.0481522264279909,293.27348360730366,244.6627984668056,-48.61068514049805,-0.1657520637139779,1.4727680432946784,1.4611460089868675,-0.011622034307810836,-0.007891286316758738,0.7084283742524956,0.7035048326280835,-0.004923541624412109,-0.006949949780889602
consumption_lens,restore_4w,Restoration +/-4w,restore,2022-09-29,2022-09-26,4,2022-08-29,2022-09-26,2022-09-26,2022-10-24,4,4,-0.07720030846628295,False,diagnostic_pos_terminal,reopening_foreign_pos,POS-terminal / reopening diagnostic,POS-terminal / reopening diagnostic,1058476558.7599999,26247.0,7525.0,36,885821196.8999999,21683.0,6544.0,36,0.0,0.0,0.0,0,0.0,0.0,0.0,0,0.0,True,True,0.2743586340016149,0.24824119502225062,-0.026117438979364305,-0.09519452185058835,1185.1142256880717,990.9424071400965,-194.17181854797514,-0.1638422814773318,0.029386257149367073,0.02424239339043425,-0.005143863758932825,-0.17504317520898077,0.008424750242103218,0.0073171494856089335,-0.0011076007564942841,-0.13146986256743612
consumption_lens,restore_4w,Restoration +/-4w,restore,2022-09-29,2022-09-26,4,2022-08-29,2022-09-26,2022-09-26,2022-10-24,4,4,-0.07720030846628295,False,primary_domestic,charity_prosocial,Primary domestic,Charity/prosocial,377555.52,10871.0,9633.0,41,393606.68999999994,11759.0,10466.0,38,0.0,0.0,0.0,0,0.0,0.0,0.0,0,0.0,True,True,9.726478609384758e-05,0.00011104564092536383,1.3780854831516249e-05,0.1416839062208964,0.42202527313668947,0.4398904138092974,0.017865140672607915,0.04233192135586057,0.01216016924559496,0.013145493255081393,0.0009853240094864334,0.08102880721363057,0.010775236012726149,0.011699954035665747,0.0009247180229395979,0.08581881843213966
consumption_lens,restore_4w,Restoration +/-4w,restore,2022-09-29,2022-09-26,4,2022-08-29,2022-09-26,2022-09-26,2022-10-24,4,4,-0.07720030846628295,False,primary_domestic,direct_fuel,Primary domestic,Direct fuel,29126946.81999995,676531.0,437737.0,33,29847437.299999934,681251.0,441912.0,33,0.0,0.0,0.0,0,0.0,0.0,0.0,0,0.0,True,True,0.007730720236120359,0.008376322145193328,0.0006456019090729688,0.08351122396804807,32.623545876332344,33.38335875154407,0.759812875211729,0.023290321600600638,0.7575799165037926,0.7618713008076323,0.004291384303839685,0.005664596183653188,0.49020127248507006,0.4941867318336951,0.003985459348625042,0.008130250924116943
consumption_lens,restore_4w,Restoration +/-4w,restore,2022-09-29,2022-09-26,4,2022-08-29,2022-09-26,2022-09-26,2022-10-24,4,4,-0.07720030846628295,False,primary_domestic,education_business_pets,Primary domestic,Education/business/pets,3612604.310000006,52304.0,38093.0,28,3215852.6800000034,45964.0,35184.0,28,0.0,0.0,0.0,0,0.0,0.0,0.0,0,0.0,True,True,0.0009409839790699456,0.0009028624317118634,-3.812154735808226e-05,-0.0405124297607713,4.039913099767913,3.597024827931843,-0.4428882718360705,-0.10962816795774981,0.058449516101491766,0.0514138317646025,-0.007035684336889267,-0.12037198605156117,0.042607635598018445,0.039353704405498124,-0.0032539311925203207,-0.07636967287317983
consumption_lens,restore_4w,Restoration +/-4w,restore,2022-09-29,2022-09-26,4,2022-08-29,2022-09-26,2022-09-26,2022-10-24,4,4,-0.07720030846628295,False,primary_domestic,essentials_grocery_health,Primary domestic,Essentials: grocery/health,95024225.52000564,1952663.0,857065.0,32,95572107.76000644,1973266.0,860226.0,32,0.0,0.0,0.0,0,0.0,0.0,0.0,0,0.0,True,True,0.02514772631884095,0.026857426420392523,0.0017097001015515742,0.06798626960842374,106.40805838860015,106.8763555011062,0.46829711250605044,0.004400955337384679,2.1866576714169668,2.2066962589051355,0.02003858748816878,0.009164025878446561,0.9597667069822933,0.961973300548331,0.0022065935660376956,0.002299093675561727
consumption_lens,restore_4w,Restoration +/-4w,restore,2022-09-29,2022-09-26,4,2022-08-29,2022-09-26,2022-09-26,2022-10-24,4,4,-0.07720030846628295,False,primary_domestic,financial_obligations,Primary domestic,Financial obligations,28617678.530000076,580509.0,223579.0,28,28672134.20000013,591961.0,224550.0,28,0.0,0.0,0.0,0,0.0,0.0,0.0,0,0.0,True,True,0.007532013199816837,0.008060980411703321,0.000528967211886484,0.07022919342458765,32.0366792319282,32.06206127075249,0.02538203882429002,0.0007922805806599933,0.6499791477149885,0.6619571290739009,0.01197798135891237,0.018428254815590846,0.25026570308261775,0.251068577188424,0.0008028741058062616,0.0032080868289859786
consumption_lens,restore_4w,Restoration +/-4w,restore,2022-09-29,2022-09-26,4,2022-08-29,2022-09-26,2022-09-26,2022-10-24,4,4,-0.07720030846628295,False,primary_domestic,hedonic_leisure_dining,Primary domestic,Hedonic/leisure/dining,41842587.1799992,1085543.0,645089.0,104,42687103.58999923,1092822.0,648784.0,105,0.0,0.0,0.0,0,0.0,0.0,0.0,0,0.0,True,True,0.01112189499156816,0.011995756347637256,0.0008738613560690962,0.07857126476482619,46.8649885701137,47.73382546325522,0.8688368931415198,0.018539146592165955,1.2157699814679197,1.2219659161600345,0.0061959346921147684,0.005096305046645256,0.7224843923948847,0.7254332765643626,0.0029488841694779167,0.004081588751977025
consumption_lens,restore_4w,Restoration +/-4w,restore,2022-09-29,2022-09-26,4,2022-08-29,2022-09-26,2022-09-26,2022-10-24,4,4,-0.07720030846628295,False,primary_domestic,mobility_transport_ex_fuel,Primary domestic,Mobility/transport ex-fuel,516720.43999999994,2942.0,2582.0,4,537679.6700000002,3081.0,2712.0,4,0.0,0.0,0.0,0,0.0,0.0,0.0,0,0.0,True,True,0.000136295175804968,0.00015131861966052502,1.5023443855557013e-05,0.11022726055289628,0.578623396180368,0.6013845035870229,0.022761107406654935,0.03933665240103749,0.0032955703104865764,0.0034448404291219014,0.00014927011863532505,0.045294169012369205,0.0028923709860543493,0.003032340244606958,0.00013996925855260878,0.04839256762962795
consumption_lens,restore_4w,Restoration +/-4w,restore,2022-09-29,2022-09-26,4,2022-08-29,2022-09-26,2022-09-26,2022-10-24,4,4,-0.07720030846628295,False,primary_domestic,shopping_home_personal,Primary domestic,Shopping/home/personal,57811365.779997714,992324.0,664519.0,145,58213287.95999755,1012358.0,673730.0,145,0.0,0.0,0.0,0,0.0,0.0,0.0,0,0.0,True,True,0.015339582400680882,0.0163698011790324,0.001030218778351518,0.06716080995176175,64.744414380795,65.09234219135296,0.3479278105579482,0.005373866052932486,1.1112066394393825,1.1319945776630318,0.020787938223649327,0.018707536011607257,0.7441186304282268,0.7533476610764911,0.009229030648264303,0.012402633492663882
consumption_lens,restore_4w,Restoration +/-4w,restore,2022-09-29,2022-09-26,4,2022-08-29,2022-09-26,2022-09-26,2022-10-24,4,4,-0.07720030846628295,False,primary_domestic,utilities_housing_bills,Primary domestic,Utilities/housing/bills,59540969.53999991,479237.0,408592.0,72,61280710.82999992,493381.0,419202.0,72,0.0,0.0,0.0,0,0.0,0.0,0.0,0,0.0,True,True,0.015662915865013564,0.017198905742038077,0.0015359898770245135,0.09806538515957121,66.66303323912766,68.53200955184266,1.8689763127150059,0.028036172701754833,0.5365225270277278,0.551700945970464,0.015178418942736194,0.02829036653283295,0.45742677578747276,0.46875627973210465,0.011329503944631891,0.024767907224337356
consumption_lens,restore_4w,Restoration +/-4w,restore,2022-09-29,2022-09-26,4,2022-08-29,2022-09-26,2022-09-26,2022-10-24,4,4,-0.07720030846628295,False,secondary_travel_cycle,mobility_transport_ex_fuel,Secondary travel cycle,Mobility/transport ex-fuel,247866978.17000437,1292476.0,623569.0,136,210335893.66000175,1281169.0,620229.0,141,0.0,0.0,0.0,0,0.0,0.0,0.0,0,0.0,True,True,0.06414662445976616,0.05915703506039919,-0.004989589399366966,-0.07778413036365647,277.77688386126965,235.13789815175346,-42.63898570951619,-0.15350084253523205,1.4474182107691096,1.4325004203788652,-0.014917790390244434,-0.010306482452170904,0.698284394498623,0.6935134063299548,-0.0047709881686681666,-0.006832442778695915
consumption_lens,restore_6w,Restoration +/-6w,restore,2022-09-29,2022-09-26,6,2022-08-15,2022-09-26,2022-09-26,2022-11-07,6,6,-0.054770392179496,False,diagnostic_pos_terminal,reopening_foreign_pos,POS-terminal / reopening diagnostic,POS-terminal / reopening diagnostic,1471532395.48,40504.0,11535.0,54,1317776727.2399998,30256.0,9460.0,54,0.0,0.0,0.0,0,0.0,0.0,0.0,0,0.0,True,True,0.2551825589182152,0.24227804537810324,-0.012904513540111934,-0.05056973170430418,1099.5363457548344,981.1690870270728,-118.36725872776162,-0.10765197456615425,0.030267885529436406,0.022532028061483193,-0.007735857467953213,-0.25557971204925645,0.008619640408289816,0.007044767946705457,-0.0015748724615843599,-0.18270744334876762
consumption_lens,restore_6w,Restoration +/-6w,restore,2022-09-29,2022-09-26,6,2022-08-15,2022-09-26,2022-09-26,2022-11-07,6,6,-0.054770392179496,False,primary_domestic,charity_prosocial,Primary domestic,Charity/prosocial,563980.51,16781.0,14921.0,61,606547.24,18070.0,16074.0,60,0.0,0.0,0.0,0,0.0,0.0,0.0,0,0.0,True,True,9.777943388313938e-05,0.00011184311651026057,1.4063682627121188e-05,0.14383068165366278,0.42098865309048666,0.45121001684789513,0.03022136375740847,0.07178664682658974,0.012533803737374186,0.013450434916326554,0.0009166311789523679,0.07313272157111349,0.011144625754869103,0.01196510526888928,0.0008204795140201778,0.07362109164246355
consumption_lens,restore_6w,Restoration +/-6w,restore,2022-09-29,2022-09-26,6,2022-08-15,2022-09-26,2022-09-26,2022-11-07,6,6,-0.054770392179496,False,primary_domestic,direct_fuel,Primary domestic,Direct fuel,44451417.17999989,1014316.0,655931.0,49,45114574.73999992,1030952.0,666659.0,50,0.0,0.0,0.0,0,0.0,0.0,0.0,0,0.0,True,True,0.00786293634193846,0.008304547062233446,0.0004416107202949871,0.05616358839630594,33.22739954501338,33.59581443466482,0.3684148896514401,0.0110876834990456,0.758039140923244,0.7676741658041172,0.0096350248808732,0.012710458287336385,0.4902185958501344,0.49639900275149307,0.0061804069013586815,0.012607450948776543
consumption_lens,restore_6w,Restoration +/-6w,restore,2022-09-29,2022-09-26,6,2022-08-15,2022-09-26,2022-09-26,2022-11-07,6,6,-0.054770392179496,False,primary_domestic,education_business_pets,Primary domestic,Education/business/pets,6930263.320000009,89406.0,61990.0,43,4893824.200000008,69388.0,53025.0,42,0.0,0.0,0.0,0,0.0,0.0,0.0,0,0.0,True,True,0.0012118667712388233,0.0009007419076287295,-0.0003111248636100938,-0.2567319040293912,5.178466211336107,3.6441367385600993,-1.5343294727760077,-0.2962903319552861,0.06675529016574677,0.05167742736313873,-0.01507786280260804,-0.2258676842714817,0.046303578113454945,0.03949004226749669,-0.006813535845958257,-0.14714922957494667
consumption_lens,restore_6w,Restoration +/-6w,restore,2022-09-29,2022-09-26,6,2022-08-15,2022-09-26,2022-09-26,2022-11-07,6,6,-0.054770392179496,False,primary_domestic,essentials_grocery_health,Primary domestic,Essentials: grocery/health,141948745.4700081,2912547.0,1281865.0,48,144259510.3900097,2980370.0,1294305.0,48,0.0,0.0,0.0,0,0.0,0.0,0.0,0,0.0,True,True,0.025099091368692344,0.026580006026678694,0.0014809146579863493,0.059002719908561554,106.08248967797067,107.41501229075952,1.3325226127888499,0.012561192868247365,2.1766728061426495,2.21919968770176,0.04252688155911066,0.019537562760511485,0.957997350941731,0.9637504003293275,0.005753049387596465,0.006005287365295008
consumption_lens,restore_6w,Restoration +/-6w,restore,2022-09-29,2022-09-26,6,2022-08-15,2022-09-26,2022-09-26,2022-11-07,6,6,-0.054770392179496,False,primary_domestic,financial_obligations,Primary domestic,Financial obligations,42572516.92000005,854085.0,330902.0,42,43159895.85000012,889399.0,338429.0,42,0.0,0.0,0.0,0,0.0,0.0,0.0,0,0.0,True,True,0.007507599231751263,0.007954710768205264,0.0004471115364540002,0.05955452903813361,31.808403437730405,32.13478663630574,0.3263831985753356,0.010260911058119543,0.6382027677435235,0.6622212704041844,0.024018502660660968,0.03763459495104126,0.24722024540285395,0.25194051245383897,0.004720267050985022,0.01909336771061441
consumption_lens,restore_6w,Restoration +/-6w,restore,2022-09-29,2022-09-26,6,2022-08-15,2022-09-26,2022-09-26,2022-11-07,6,6,-0.054770392179496,False,primary_domestic,hedonic_leisure_dining,Primary domestic,Hedonic/leisure/dining,62169900.31999883,1619371.0,962360.0,156,68133880.0399988,1724620.0,998034.0,157,0.0,0.0,0.0,0,0.0,0.0,0.0,0,0.0,True,True,0.011026119592573554,0.012519516687454836,0.0014933970948812821,0.13544176465192098,46.46719291735092,50.70404286367846,4.236849946327538,0.0911793822765113,1.210321471073226,1.283581478555593,0.07326000748236705,0.06052937937009855,0.7192786077256604,0.7429771393587354,0.023698531633075004,0.03294763861809977
consumption_lens,restore_6w,Restoration +/-6w,restore,2022-09-29,2022-09-26,6,2022-08-15,2022-09-26,2022-09-26,2022-11-07,6,6,-0.054770392179496,False,primary_domestic,mobility_transport_ex_fuel,Primary domestic,Mobility/transport ex-fuel,768511.7400000001,4409.0,3869.0,6,781908.6100000002,4549.0,3985.0,6,0.0,0.0,0.0,0,0.0,0.0,0.0,0,0.0,True,True,0.00013555965640880467,0.00014443209719959424,8.872440790789576e-06,0.06545045204329174,0.574328427658776,0.5823939681708832,0.008065540512107172,0.014043429027161314,0.003295759949539751,0.0033873293574793583,9.156940793960712e-05,0.02778400409665597,0.002892164646637184,0.002967420236808051,7.525559017086724e-05,0.026020506909373024
consumption_lens,restore_6w,Restoration +/-6w,restore,2022-09-29,2022-09-26,6,2022-08-15,2022-09-26,2022-09-26,2022-11-07,6,6,-0.054770392179496,False,primary_domestic,shopping_home_personal,Primary domestic,Shopping/home/personal,84909165.26999664,1482408.0,993483.0,220,87740494.6299965,1519245.0,1013502.0,219,0.0,0.0,0.0,0,0.0,0.0,0.0,0,0.0,True,True,0.015037639126124122,0.016172073684168082,0.0011344345580439601,0.07543967164853457,63.45778223912498,65.32335144835945,1.8655692092344651,0.029398588217352573,1.1078586841516065,1.1311716187050802,0.02331293455347372,0.021043238534819687,0.7424609450034785,0.7546047129487784,0.012143767945299921,0.016356103343918012
consumption_lens,restore_6w,Restoration +/-6w,restore,2022-09-29,2022-09-26,6,2022-08-15,2022-09-26,2022-09-26,2022-11-07,6,6,-0.054770392179496,False,primary_domestic,utilities_housing_bills,Primary domestic,Utilities/housing/bills,89871499.08999987,719544.0,612988.0,108,91204853.70999986,738677.0,628403.0,108,0.0,0.0,0.0,0,0.0,0.0,0.0,0,0.0,True,True,0.01584075955844956,0.016797059626307103,0.0009563000678575427,0.06036958419379873,67.15669080599596,67.91388703152758,0.7571962255316151,0.011275067553864792,0.5376476105946271,0.5499945981649966,0.01234698757036956,0.022964832963200656,0.4580238855991848,0.467892924475797,0.009869038876612224,0.02154699609978111
consumption_lens,restore_6w,Restoration +/-6w,restore,2022-09-29,2022-09-26,6,2022-08-15,2022-09-26,2022-09-26,2022-11-07,6,6,-0.054770392179496,False,secondary_travel_cycle,mobility_transport_ex_fuel,Secondary travel cycle,Mobility/transport ex-fuel,390875433.6600057,1931826.0,932603.0,211,340287671.73000157,1926145.0,930907.0,214,0.0,0.0,0.0,0,0.0,0.0,0.0,0,0.0,True,True,0.06773550862242307,0.06272219763452819,-0.005013310987894884,-0.07401304116339483,292.3311960363233,253.50429906189402,-38.8268969744293,-0.13281817849370037,1.4437920474523362,1.434103150253722,-0.00968889719861421,-0.006710729024800276,0.696976629212818,0.6931240192016842,-0.0038526100111337946,-0.005527602863075946
consumption_lens,restore_8w,Restoration +/-8w,restore,2022-09-29,2022-09-26,8,2022-08-01,2022-09-26,2022-09-26,2022-11-21,8,8,-0.049579111991139076,False,diagnostic_pos_terminal,reopening_foreign_pos,POS-terminal / reopening diagnostic,POS-terminal / reopening diagnostic,2033944779.52,57126.0,16123.0,72,1765990765.2999997,39488.0,12343.0,72,0.0,0.0,0.0,0,0.0,0.0,0.0,0,0.0,True,True,0.2671600229203671,0.24437751189445867,-0.022782511025908447,-0.08527664722015417,1138.684747301125,991.4274600007358,-147.2572873003893,-0.12932226206543462,0.03197035030240168,0.022162557983911486,-0.009807792318490195,-0.30677775581812794,0.009023202330905991,0.006927260037841675,-0.002095942293064316,-0.23228364123958073
consumption_lens,restore_8w,Restoration +/-8w,restore,2022-09-29,2022-09-26,8,2022-08-01,2022-09-26,2022-09-26,2022-11-21,8,8,-0.049579111991139076,False,primary_domestic,charity_prosocial,Primary domestic,Charity/prosocial,769751.03,22406.0,19904.0,81,778247.5399999999,23305.0,20725.0,82,0.0,0.0,0.0,0,0.0,0.0,0.0,0,0.0,True,True,0.000101240181321622,0.0001079828385019228,6.742657180300803e-06,0.06660060355759917,0.43030021028297816,0.4362980823908428,0.005997872107864621,0.01393880821931331,0.01253513605138106,0.013072429719141226,0.0005372936677601661,0.042863010465767515,0.01113555940323687,0.011625468198681042,0.0004899087954441713,0.0439949873826514
consumption_lens,restore_8w,Restoration +/-8w,restore,2022-09-29,2022-09-26,8,2022-08-01,2022-09-26,2022-09-26,2022-11-21,8,8,-0.049579111991139076,False,primary_domestic,direct_fuel,Primary domestic,Direct fuel,58715021.66999987,1346902.0,870519.0,65,61333181.459999874,1392243.0,897111.0,66,0.0,0.0,0.0,0,0.0,0.0,0.0,0,0.0,True,True,0.007824127413263193,0.008501618536274434,0.0006774911230112406,0.08658999109124692,32.87526076449399,34.44366063304511,1.5683998685511256,0.047707602375736353,0.7540349836043321,0.7817352917963363,0.027700308192004197,0.03673610481518388,0.48735474684832747,0.503685288126455,0.016330541278127497,0.03350853025180407
consumption_lens,restore_8w,Restoration +/-8w,restore,2022-09-29,2022-09-26,8,2022-08-01,2022-09-26,2022-09-26,2022-11-21,8,8,-0.049579111991139076,False,primary_domestic,education_business_pets,Primary domestic,Education/business/pets,9931277.99000001,123876.0,84433.0,57,6532034.520000009,93077.0,71199.0,56,0.0,0.0,0.0,0,0.0,0.0,0.0,0,0.0,True,True,0.0013129704817959548,0.0009052618620200013,-0.00040770861977595355,-0.310523827784968,5.559983166416464,3.6670991725397784,-1.8928839938766853,-0.3404477922361575,0.06929090720505009,0.05226368779632336,-0.01702721940872673,-0.2457352644891586,0.04724621330235448,0.03997896874021313,-0.0072672445621413465,-0.1538164448362085
consumption_lens,restore_8w,Restoration +/-8w,restore,2022-09-29,2022-09-26,8,2022-08-01,2022-09-26,2022-09-26,2022-11-21,8,8,-0.049579111991139076,False,primary_domestic,essentials_grocery_health,Primary domestic,Essentials: grocery/health,189224076.44001034,3872579.0,1706045.0,64,192869506.95001268,3984558.0,1726009.0,64,0.0,0.0,0.0,0,0.0,0.0,0.0,0,0.0,True,True,0.02520929792882808,0.026759509965416393,0.0015502120365883144,0.061493661622982775,105.92998736140022,108.27494090282843,2.344953541428211,0.022136824518141,2.1679617159418525,2.2369077880201225,0.06894607207826997,0.03180225534947555,0.9550832069022239,0.9689364098170752,0.01385320291485126,0.014504707877529955
consumption_lens,restore_8w,Restoration +/-8w,restore,2022-09-29,2022-09-26,8,2022-08-01,2022-09-26,2022-09-26,2022-11-21,8,8,-0.049579111991139076,False,primary_domestic,financial_obligations,Primary domestic,Financial obligations,56806175.999999896,1134550.0,443255.0,56,57957113.81000048,1196524.0,450104.0,56,0.0,0.0,0.0,0,0.0,0.0,0.0,0,0.0,True,True,0.007555292579213271,0.008041149337530081,0.0004858567583168102,0.0643068091967131,31.79115018325934,32.53744669007151,0.7462965068121719,0.023474976605444068,0.6350202323147593,0.6717643766704519,0.03674414435569251,0.05786295063663358,0.24804371002589318,0.2526233291830226,0.004579619157129428,0.018462952181498023
consumption_lens,restore_8w,Restoration +/-8w,restore,2022-09-29,2022-09-26,8,2022-08-01,2022-09-26,2022-09-26,2022-11-21,8,8,-0.049579111991139076,False,primary_domestic,hedonic_leisure_dining,Primary domestic,Hedonic/leisure/dining,82097336.51999852,2146508.0,1272137.0,208,88703471.16999845,2248784.0,1306182.0,209,0.0,0.0,0.0,0,0.0,0.0,0.0,0,0.0,True,True,0.010960878657159178,0.012278763044981433,0.0013178843878222553,0.12023528669952654,45.96523374662769,49.75516311441,3.789929367782314,0.08245208517100966,1.2017630309218452,1.2615239496563615,0.05976091873451628,0.049727706042575655,0.7122495675638556,0.7329156761795285,0.020666108615672862,0.02901526312800474
consumption_lens,restore_8w,Restoration +/-8w,restore,2022-09-29,2022-09-26,8,2022-08-01,2022-09-26,2022-09-26,2022-11-21,8,8,-0.049579111991139076,False,primary_domestic,mobility_transport_ex_fuel,Primary domestic,Mobility/transport ex-fuel,1039925.7899999999,5931.0,5201.0,8,1052586.2900000003,6022.0,5252.0,8,0.0,0.0,0.0,0,0.0,0.0,0.0,0,0.0,True,True,0.00013843293233079549,0.00014618841459979048,7.755482268994999e-06,0.05602339081037967,0.5819332690704921,0.5911222449365668,0.0091889758660747,0.015790428824858267,0.0033201846064805215,0.0033802970881131305,6.011248163260898e-05,0.018105162440449272,0.0029116473956628313,0.0029479201068169057,3.6272711154074384e-05,0.01245779664395694
consumption_lens,restore_8w,Restoration +/-8w,restore,2022-09-29,2022-09-26,8,2022-08-01,2022-09-26,2022-09-26,2022-11-21,8,8,-0.049579111991139076,False,primary_domestic,shopping_home_personal,Primary domestic,Shopping/home/personal,112522615.88999557,1967208.0,1319526.0,297,117293013.46999542,2023551.0,1348703.0,294,0.0,0.0,0.0,0,0.0,0.0,0.0,0,0.0,True,True,0.015009514340448884,0.01627199350427918,0.0012624791638302952,0.08411192628851832,62.99154181502213,65.84140294350834,2.8498611284862108,0.04524196497451948,1.1012978091926284,1.1359145945993627,0.034616785406734296,0.03143271975825702,0.7386949399031735,0.7570693119614412,0.01837437205826775,0.024874100343338246
consumption_lens,restore_8w,Restoration +/-8w,restore,2022-09-29,2022-09-26,8,2022-08-01,2022-09-26,2022-09-26,2022-11-21,8,8,-0.049579111991139076,False,primary_domestic,utilities_housing_bills,Primary domestic,Utilities/housing/bills,119619324.0199998,960765.0,819927.0,144,122276613.6399998,978399.0,831372.0,144,0.0,0.0,0.0,0,0.0,0.0,0.0,0,0.0,True,True,0.015903740669313014,0.016950266793981192,0.0010465261246681776,0.0658037719822417,66.9495039598384,68.65065586211159,1.701151902273196,0.02540947731731786,0.5377042739964552,0.5491701659997507,0.011465892003295508,0.021323788107682214,0.4588782044393042,0.4666392269316819,0.0077610224923777005,0.01691303360520417
consumption_lens,restore_8w,Restoration +/-8w,restore,2022-09-29,2022-09-26,8,2022-08-01,2022-09-26,2022-09-26,2022-11-21,8,8,-0.049579111991139076,False,secondary_travel_cycle,mobility_transport_ex_fuel,Secondary travel cycle,Mobility/transport ex-fuel,486300342.41000754,2554592.0,1233628.0,277,426417944.71000355,2550085.0,1233569.0,281,0.0,0.0,0.0,0,0.0,0.0,0.0,0,0.0,True,True,0.0637169702930348,0.05883990300558842,-0.004877067287446385,-0.07654267403199991,272.42184708351715,239.24847362480511,-33.173373458712035,-0.12177207450084566,1.4302035479224207,1.4313027722664828,0.0010992243440621774,0.0007685789520372545,0.6906333455895779,0.69239874616985,0.0017654005802720807,0.0025562052448611476
consumption_lens,restore_12w,Restoration +/-12w,restore,2022-09-29,2022-09-26,12,2022-07-04,2022-09-26,2022-09-26,2022-12-19,12,12,-0.026168674928779674,False,diagnostic_pos_terminal,reopening_foreign_pos,POS-terminal / reopening diagnostic,POS-terminal / reopening diagnostic,2808175719.36,90229.0,25420.0,108,2903423135.24,58946.0,18661.0,108,0.0,0.0,0.0,0,0.0,0.0,0.0,0,0.0,True,True,0.24528516400322956,0.2535501143240771,0.008264950320847536,0.03369527200894513,1050.919134376217,1095.4772486076965,44.55811423147952,0.042399184460493636,0.033786518604550814,0.02222927936063045,-0.011557239243920363,-0.34206659109185883,0.009518347061805202,0.0070390845481918705,-0.002479262513613331,-0.2604719598386998
consumption_lens,restore_12w,Restoration +/-12w,restore,2022-09-29,2022-09-26,12,2022-07-04,2022-09-26,2022-09-26,2022-12-19,12,12,-0.026168674928779674,False,primary_domestic,charity_prosocial,Primary domestic,Charity/prosocial,1155866.06,33679.0,29963.0,120,1181303.88,34828.0,30941.0,124,0.0,0.0,0.0,0,0.0,0.0,0.0,0,0.0,True,True,0.00010164455822451631,0.00010445825655932646,2.8136983348101463e-06,0.027681740999799948,0.43242308292117176,0.44511373123436276,0.012690648313191,0.02934775874465617,0.012605054007445653,0.013127222384978194,0.0005221683775325416,0.04142531854477602,0.011214444899661695,0.01166197325981047,0.00044752836014877624,0.039906421062559844
consumption_lens,restore_12w,Restoration +/-12w,restore,2022-09-29,2022-09-26,12,2022-07-04,2022-09-26,2022-09-26,2022-12-19,12,12,-0.026168674928779674,False,primary_domestic,direct_fuel,Primary domestic,Direct fuel,90504820.65999982,2011682.0,1301376.0,97,95313923.99999993,2110502.0,1355771.0,98,0.0,0.0,0.0,0,0.0,0.0,0.0,0,0.0,True,True,0.007936487742209536,0.008453884014466548,0.0005173962722570119,0.06519209618447261,33.89498791551648,35.9922843530922,2.0972964375757215,0.06187629990614686,0.7531638680923659,0.7964025538970413,0.04323868580467538,0.057409400047550754,0.4872419079930537,0.5115542245330559,0.024312316540002155,0.04989783543075026
consumption_lens,restore_12w,Restoration +/-12w,restore,2022-09-29,2022-09-26,12,2022-07-04,2022-09-26,2022-09-26,2022-12-19,12,12,-0.026168674928779674,False,primary_domestic,education_business_pets,Primary domestic,Education/business/pets,14610046.850000013,190559.0,127482.0,85,10240913.27000001,142460.0,108320.0,84,0.0,0.0,0.0,0,0.0,0.0,0.0,0,0.0,True,True,0.0012699805191937433,0.0009039940740027656,-0.0003659864451909777,-0.28818272379746973,5.469298873648324,3.8651504408509454,-1.6041484327973783,-0.29330056189219056,0.07131689137134871,0.053768154954630054,-0.017548736416718655,-0.24606704077077585,0.04771610112744212,0.040878607939428414,-0.006837493188013709,-0.14329530339773258
consumption_lens,restore_12w,Restoration +/-12w,restore,2022-09-29,2022-09-26,12,2022-07-04,2022-09-26,2022-09-26,2022-12-19,12,12,-0.026168674928779674,False,primary_domestic,essentials_grocery_health,Primary domestic,Essentials: grocery/health,280885201.7700166,5765248.0,2548415.0,96,291120060.7300185,5988790.0,2582588.0,96,0.0,0.0,0.0,0,0.0,0.0,0.0,0,0.0,True,True,0.024608318018923523,0.025846923435793225,0.0012386054168697022,0.05033279462323383,105.15507733578825,109.8367577132464,4.68168037745815,0.044521676899236105,2.1584316179715004,2.2592973948011417,0.10086577682964126,0.0467310504487676,0.9541144151142292,0.9741947067271967,0.020080291612967427,0.021045999614798146
consumption_lens,restore_12w,Restoration +/-12w,restore,2022-09-29,2022-09-26,12,2022-07-04,2022-09-26,2022-09-26,2022-12-19,12,12,-0.026168674928779674,False,primary_domestic,financial_obligations,Primary domestic,Financial obligations,86188757.49999999,1713860.0,666167.0,84,90320837.56000215,1867809.0,685877.0,84,0.0,0.0,0.0,0,0.0,0.0,0.0,0,0.0,True,True,0.007538522210542979,0.007995375193800891,0.00045685298325791237,0.06060245900966929,32.264496286776684,34.09233621920432,1.8278399324276364,0.05665174240382486,0.6416288357349272,0.7051252901174071,0.06349645438247986,0.09896134781684254,0.2493555878007421,0.2587356603165683,0.009380072515826204,0.03761725413316881
consumption_lens,restore_12w,Restoration +/-12w,restore,2022-09-29,2022-09-26,12,2022-07-04,2022-09-26,2022-09-26,2022-12-19,12,12,-0.026168674928779674,False,primary_domestic,hedonic_leisure_dining,Primary domestic,Hedonic/leisure/dining,121224058.86999778,3200730.0,1902816.0,312,131014473.29999758,3311707.0,1934011.0,313,0.0,0.0,0.0,0,0.0,0.0,0.0,0,0.0,True,True,0.010629406590228666,0.01163007985075872,0.0010006732605300547,0.09414196851308212,45.384835280187474,49.38451297498134,3.999677694793867,0.08812806458592364,1.1983805477349605,1.2482902005035814,0.049909652768620916,0.0416475825337405,0.7124627201983174,0.7291612965902128,0.016698576391895426,0.023437824771024227
consumption_lens,restore_12w,Restoration +/-12w,restore,2022-09-29,2022-09-26,12,2022-07-04,2022-09-26,2022-09-26,2022-12-19,12,12,-0.026168674928779674,False,primary_domestic,mobility_transport_ex_fuel,Primary domestic,Mobility/transport ex-fuel,1534826.8400000003,8955.0,7862.0,12,1574429.3300000003,9194.0,7986.0,12,0.0,0.0,0.0,0,0.0,0.0,0.0,0,0.0,True,True,0.00013454245924845415,0.0001401154844311396,5.5730251826854546e-06,0.041422055266538374,0.574430828072273,0.5941099565416662,0.019679128469393237,0.0342584824972473,0.0033529541438452877,0.003468947863381523,0.00011599371953623528,0.03459448431442296,0.0029438067908012407,0.0030128570890409173,6.905029823967663e-05,0.02345612438134319
consumption_lens,restore_12w,Restoration +/-12w,restore,2022-09-29,2022-09-26,12,2022-07-04,2022-09-26,2022-09-26,2022-12-19,12,12,-0.026168674928779674,False,primary_domestic,shopping_home_personal,Primary domestic,Shopping/home/personal,167763746.23999333,2947366.0,1972455.0,444,188441538.4499927,3165660.0,2096576.0,439,0.0,0.0,0.0,0,0.0,0.0,0.0,0,0.0,True,True,0.014710863328208153,0.016611546167090187,0.001900682838882034,0.12920267128289237,62.807641188713184,71.13877503506745,8.33113384635427,0.1326452273748407,1.1034985466145943,1.194867470498248,0.0913689238836537,0.08279931510917071,0.7384725974322116,0.7912720372800465,0.05279943984783486,0.07149817072620844
consumption_lens,restore_12w,Restoration +/-12w,restore,2022-09-29,2022-09-26,12,2022-07-04,2022-09-26,2022-09-26,2022-12-19,12,12,-0.026168674928779674,False,primary_domestic,utilities_housing_bills,Primary domestic,Utilities/housing/bills,178378065.05999964,1444973.0,1233535.0,216,187669347.6899997,1462759.0,1242384.0,216,0.0,0.0,0.0,0,0.0,0.0,0.0,0,0.0,True,True,0.015626548823132105,0.016635431466641527,0.001008882643509422,0.06456208948811301,66.77259359444666,70.84250154148226,4.0699079470356025,0.06095177269516888,0.5409194898208355,0.551636604697478,0.010717114876642508,0.01981277265530265,0.4617676207094356,0.468521940799498,0.006754320090062382,0.01462709767238638
consumption_lens,restore_12w,Restoration +/-12w,restore,2022-09-29,2022-09-26,12,2022-07-04,2022-09-26,2022-09-26,2022-12-19,12,12,-0.026168674928779674,False,secondary_travel_cycle,mobility_transport_ex_fuel,Secondary travel cycle,Mobility/transport ex-fuel,708437927.4300107,3770765.0,1825385.0,414,626892970.9500047,3838593.0,1857327.0,421,0.0,0.0,0.0,0,0.0,0.0,0.0,0,0.0,True,True,0.06057249297808548,0.055059365366830336,-0.005513127611255143,-0.0910170168041414,265.2666983813979,236.01333231929138,-29.253366062106494,-0.11027907475987163,1.411683258049625,1.4480441458175954,0.03636088776797042,0.025757114820647836,0.6833810927556491,0.700645193178801,0.017264100423151962,0.025262771543088248
consumption_lens,restore_recovery_18w,Restoration recovery 18w,restore,2022-09-29,2022-09-26,18,2022-05-23,2022-09-26,2022-09-26,2023-01-30,18,18,0.004126689665586341,False,diagnostic_pos_terminal,reopening_foreign_pos,POS-terminal / reopening diagnostic,POS-terminal / reopening diagnostic,3588548758.11,120844.0,34528.0,162,4193264803.5800004,89430.0,28717.0,162,0.0,0.0,0.0,0,0.0,0.0,0.0,0,0.0,True,True,0.21893753549213477,0.2547745572377147,0.03583702174557993,0.1636860562307159,895.5880999723221,1067.1977364750433,171.60963650272117,0.19161670025319086,0.03016862559605165,0.022781632711605947,-0.007386992884445703,-0.24485679206455077,0.008620422817869053,0.00731883994057558,-0.001301582877293473,-0.15098828732570466
consumption_lens,restore_recovery_18w,Restoration recovery 18w,restore,2022-09-29,2022-09-26,18,2022-05-23,2022-09-26,2022-09-26,2023-01-30,18,18,0.004126689665586341,False,primary_domestic,charity_prosocial,Primary domestic,Charity/prosocial,1799902.7500000002,50858.0,45384.0,184,1708138.0099999998,50533.0,45163.0,184,0.0,0.0,0.0,0,0.0,0.0,0.0,0,0.0,True,True,0.00011385069517855951,0.00010479986163741575,-9.050833541143758e-06,-0.07949739373087483,0.44900462111556266,0.4345279045631454,-0.01447671655241728,-0.03224179857314059,0.0126954314713831,0.01286133871981636,0.00016590724843325994,0.013068263871711106,0.011329418082411117,0.011496623086756542,0.0001672050043454252,0.01475848125024271
consumption_lens,restore_recovery_18w,Restoration recovery 18w,restore,2022-09-29,2022-09-26,18,2022-05-23,2022-09-26,2022-09-26,2023-01-30,18,18,0.004126689665586341,False,primary_domestic,direct_fuel,Primary domestic,Direct fuel,136045856.45999977,3029401.0,1962961.0,145,137745744.21999994,3072025.0,1996396.0,145,0.0,0.0,0.0,0,0.0,0.0,0.0,0,0.0,True,True,0.008565477485823496,0.008462126345509023,-0.00010335114031447337,-0.012066010387106522,33.97932201497285,35.096823332108805,1.1175013171359538,0.03288768730122194,0.7564316414224138,0.7825263808384452,0.026094739416031354,0.03449715478184139,0.49015335223138123,0.5086417892420636,0.018488437010682368,0.037719699205392226
consumption_lens,restore_recovery_18w,Restoration recovery 18w,restore,2022-09-29,2022-09-26,18,2022-05-23,2022-09-26,2022-09-26,2023-01-30,18,18,0.004126689665586341,False,primary_domestic,education_business_pets,Primary domestic,Education/business/pets,20209535.670000017,268360.0,183043.0,127,15582496.310000012,214036.0,163653.0,126,0.0,0.0,0.0,0,0.0,0.0,0.0,0,0.0,True,True,0.0012462076567740206,0.0009609892145055939,-0.0002852184422684267,-0.22886911400203858,5.0447108412382535,3.9776290724635635,-1.06708176877469,-0.21152486284283614,0.06697642632900785,0.05460075027766312,-0.012375676051344736,-0.18477659573163527,0.04569039313805445,0.04175381101985982,-0.003936582118194636,-0.08615776420001843
consumption_lens,restore_recovery_18w,Restoration recovery 18w,restore,2022-09-29,2022-09-26,18,2022-05-23,2022-09-26,2022-09-26,2023-01-30,18,18,0.004126689665586341,False,primary_domestic,essentials_grocery_health,Primary domestic,Essentials: grocery/health,414316863.21002555,8591649.0,3808476.0,144,435455057.71002567,8841173.0,3814304.0,144,0.0,0.0,0.0,0,0.0,0.0,0.0,0,0.0,True,True,0.02602426217694212,0.02682829355655347,0.0008040313796113495,0.030895453409769794,103.44967522290543,110.976891909357,7.527216686451567,0.07276211037137137,2.1452882743141988,2.252501736914391,0.10721346260019216,0.04997624975807315,0.9509698992964856,0.9717335910541954,0.020763691757709868,0.02183422606022605
consumption_lens,restore_recovery_18w,Restoration recovery 18w,restore,2022-09-29,2022-09-26,18,2022-05-23,2022-09-26,2022-09-26,2023-01-30,18,18,0.004126689665586341,False,primary_domestic,financial_obligations,Primary domestic,Financial obligations,127073125.66999944,2555910.0,1002108.0,126,135745449.99000397,2840801.0,1017464.0,126,0.0,0.0,0.0,0,0.0,0.0,0.0,0,0.0,True,True,0.00796789704426783,0.008347633739929293,0.00037973669566146277,0.047658333629530064,31.72523560951426,34.609080977743446,2.883845368229185,0.09090067615965418,0.6381822306478582,0.724602537248124,0.08642030660026578,0.13541634732219854,0.25015997959864356,0.2592186476371557,0.00905866803851213,0.03621149974926385
consumption_lens,restore_recovery_18w,Restoration recovery 18w,restore,2022-09-29,2022-09-26,18,2022-05-23,2022-09-26,2022-09-26,2023-01-30,18,18,0.004126689665586341,False,primary_domestic,hedonic_leisure_dining,Primary domestic,Hedonic/leisure/dining,178623589.97999677,4755793.0,2849299.0,469,193507073.0399972,4816882.0,2840051.0,469,0.0,0.0,0.0,0,0.0,0.0,0.0,0,0.0,True,True,0.011222135987562705,0.01190103517722749,0.0006788991896647858,0.060496432267190293,44.60160872023118,49.24759811615305,4.645989395921873,0.10416640854961952,1.1875255477627193,1.2257251493073094,0.03819960154459001,0.03216739346497218,0.711483978688099,0.7229919833134626,0.01150800462536361,0.0161746504068625
consumption_lens,restore_recovery_18w,Restoration recovery 18w,restore,2022-09-29,2022-09-26,18,2022-05-23,2022-09-26,2022-09-26,2023-01-30,18,18,0.004126689665586341,False,primary_domestic,mobility_transport_ex_fuel,Primary domestic,Mobility/transport ex-fuel,2294974.27,13487.0,11836.0,18,2363993.06,13644.0,11921.0,18,0.0,0.0,0.0,0,0.0,0.0,0.0,0,0.0,True,True,0.000144213943816006,0.00014600149914716838,1.7875553311623774e-06,0.012395162935444112,0.5729070196840076,0.6028940220732351,0.02998700238922747,0.05234183097593583,0.0033680665768653657,0.003477210423133144,0.00010914384626777842,0.03240548955221597,0.0029558655023285024,0.0030384127631271894,8.254726079868699e-05,0.027926595690385723
consumption_lens,restore_recovery_18w,Restoration recovery 18w,restore,2022-09-29,2022-09-26,18,2022-05-23,2022-09-26,2022-09-26,2023-01-30,18,18,0.004126689665586341,False,primary_domestic,shopping_home_personal,Primary domestic,Shopping/home/personal,247874930.83999038,4357346.0,2930553.0,667,276928809.5099891,4698144.0,3126948.0,647,0.0,0.0,0.0,0,0.0,0.0,0.0,0,0.0,True,True,0.01556857558089119,0.016921741412187042,0.0013531658312958515,0.08691648277423157,61.88492734197938,70.53747245373268,8.652545111753298,0.13981668046467724,1.0879769854881218,1.19720843712611,0.1092314516379882,0.10039867855199291,0.7317057455780378,0.7968965208240024,0.06519077524596462,0.08909425085143315
consumption_lens,restore_recovery_18w,Restoration recovery 18w,restore,2022-09-29,2022-09-26,18,2022-05-23,2022-09-26,2022-09-26,2023-01-30,18,18,0.004126689665586341,False,primary_domestic,utilities_housing_bills,Primary domestic,Utilities/housing/bills,292497191.3499994,2148971.0,1837979.0,324,271638118.6499995,2149358.0,1830652.0,324,0.0,0.0,0.0,0,0.0,0.0,0.0,0,0.0,True,True,0.01850932504481268,0.01668415801452764,-0.001825167030285041,-0.09860797332512954,73.02702425359932,69.21529221860467,-3.811732034994648,-0.05219618454885593,0.536491573741911,0.5474788514156425,0.010987277673731422,0.020479869976517188,0.45885501112213944,0.46634456711979055,0.0074895559976511095,0.01632227134086483
consumption_lens,restore_recovery_18w,Restoration recovery 18w,restore,2022-09-29,2022-09-26,18,2022-05-23,2022-09-26,2022-09-26,2023-01-30,18,18,0.004126689665586341,False,secondary_travel_cycle,mobility_transport_ex_fuel,Secondary travel cycle,Mobility/transport ex-fuel,919165931.110017,5575794.0,2714267.0,619,884668409.82001,5574997.0,2721156.0,634,0.0,0.0,0.0,0,0.0,0.0,0.0,0,0.0,True,True,0.055541895929726144,0.05375175249369962,-0.0017901434360265214,-0.03223050646833308,229.52352612244079,224.83821963356468,-4.685306488876108,-0.0204131862560211,1.3921720987610615,1.419674394129191,0.027502295368129426,0.019754953710539522,0.677705379240605,0.6931143171395651,0.015408937898960029,0.022736927241490006
