phase_id,phase_label,phase_group,rank_type,cat_clean,semantic_within_cat,subcat_label,consumption_lens_label,window,share_of_wallet_pre,share_of_wallet_post,share_of_wallet_diff,sales_per_active_user_diff,count_per_active_user_diff,active_subcat_user_proxy_diff,wallet_pct_shift_during_same_window,n_obs_pre,n_obs_post,clean_pre_user_weeks_sum,clean_post_user_weeks_sum,clean_pre_sales_sum,clean_post_sales_sum
cut_12w,Cut start +/-12w,cut,negative,Groceries,grocery_supermarket_major,Groceries: grocery supermarket major,Essentials: grocery/health,12,0.03285113057959765,0.026095846045406004,-0.006755284534191643,-1.7687946817664368,-0.022035868751718368,-0.004194993972950867,0.19573222323656578,12,12,1663242.0,1613263.0,220217185.60001972,210360980.18002003
cut_12w,Cut start +/-12w,cut,negative,Insurance,insurance_general,Insurance: insurance general,Utilities/housing/bills,12,0.009093928344600153,0.007125540239946146,-0.0019683881046540074,-0.7448552856443271,0.00027057042293622546,0.00047999323354476486,0.19573222323656578,12,12,272121.0,266942.0,62413022.98000005,58837665.89999994
cut_12w,Cut start +/-12w,cut,negative,Home Improvement,home_bunnings,Home Improvement: home bunnings,Shopping/home/personal,12,0.006572047656229049,0.004909194206816371,-0.0016628534494126778,-1.2017809079930384,-0.017718701902421363,-0.010889076602282957,0.19573222323656578,12,12,339526.0,302500.0,43774440.21999827,39548603.94999875
cut_12w,Cut start +/-12w,cut,negative,Groceries,grocery_fuel_attached,Groceries: grocery fuel attached,Direct fuel,12,0.0036687474119814494,0.002015843572872367,-0.0016529038391090824,-2.717702939126119,-0.1083808676282336,-0.05344138410645059,0.19573222323656578,12,12,427116.0,273671.0,24131098.499999695,16274506.10000007
cut_12w,Cut start +/-12w,cut,negative,Loans,loans_bnpl_afterpay,Loans: loans bnpl afterpay,Financial obligations,12,0.00817172891717048,0.0066836985743459676,-0.0014880303428245123,0.32515314637494797,0.014338126957639086,0.0014908050540080875,0.19573222323656578,12,12,425524.0,419556.0,54453870.45999898,54046748.039998844
cut_12w,Cut start +/-12w,cut,negative,Groceries,grocery_supermarket_discount,Groceries: grocery supermarket discount,Essentials: grocery/health,12,0.0070199641433957875,0.005597138099082049,-0.0014228260443137387,-0.2954536987962939,-0.010330285616017065,-0.0027985389463174026,0.19573222323656578,12,12,623471.0,601423.0,47055045.539998464,45161916.72999856
cut_12w,Cut start +/-12w,cut,negative,Groceries,grocery_alcohol_attached,Groceries: grocery alcohol attached,Hedonic/leisure/dining,12,0.004852793080429973,0.003741162351129409,-0.0011116307293005637,-0.6018071274577323,-0.01045489917106765,-0.006142937204861448,0.19573222323656578,12,12,457071.0,430095.0,32372485.41999828,30028946.119998656
cut_12w,Cut start +/-12w,cut,negative,Insurance,insurance_health,Insurance: insurance health,Utilities/housing/bills,12,0.005554978066285865,0.004501282455592675,-0.00105369561069319,-0.1169357803941935,-4.174705582819793e-05,-0.00024297320429238212,0.19573222323656578,12,12,270539.0,263438.0,37615127.4600001,36409187.380000144
cut_12w,Cut start +/-12w,cut,negative,Restaurants & Dining,resto_delivery_uber_eats,Restaurants & Dining: resto delivery uber eats,Hedonic/leisure/dining,12,0.00421008137725297,0.003454524170942684,-0.0007555572063102861,0.127539266324046,-0.010679692040879818,-0.000558333462027244,0.19573222323656578,12,12,375512.0,365328.0,28231435.339998394,27919149.5199986
cut_12w,Cut start +/-12w,cut,negative,Telecom & Internet,telco_telstra,Telecom & Internet: telco telstra,Utilities/housing/bills,12,0.003350535393158752,0.0027367680415240035,-0.0006137673516347485,0.06670113812978684,0.001521545689595255,0.0005569940595180345,0.19573222323656578,12,12,174914.0,172209.0,22551285.229999904,22178757.309999894
cut_12w,Cut start +/-12w,cut,negative,Automotive & Fuel,auto_fuel_bp,Automotive & Fuel: auto fuel bp,Direct fuel,12,0.0037153880589756,0.003121316414502626,-0.000594071644472974,0.26917398346251,-0.00826949755139783,-0.005528659268828673,0.19573222323656578,12,12,328180.0,305788.0,25062174.199999698,25226003.90999978
cut_12w,Cut start +/-12w,cut,negative,Electronics & Merchandise,elec_apple,Electronics & Merchandise: elec apple,Shopping/home/personal,12,0.0023659905760572038,0.001773520369005406,-0.0005924702070517977,-0.4287259135260051,-0.0007902860425272884,0.0010002188320525907,0.19573222323656578,12,12,518364.0,508843.0,15863397.589994105,14343719.579994652
cut_12w,Cut start +/-12w,cut,positive,Subscriptions & Online Services,subs_streaming,Subscriptions & Online Services: subs streaming,Hedonic/leisure/dining,12,7.735234394523154e-06,6.497751499264682e-06,-1.237482895258472e-06,0.00047831831790472873,-3.514852286104226e-05,-3.1067658485987165e-05,0.19573222323656578,12,12,6929.0,6684.0,52330.81999999994,52417.65999999995
cut_12w,Cut start +/-12w,cut,positive,Travel,travel_rideshare,Travel: travel rideshare,Mobility/transport ex-fuel,12,0.002249918060199282,0.002248863200955135,-1.0548592441466526e-06,1.214393886594614,0.033710142115759234,0.01371014405356498,0.19573222323656578,12,12,315076.0,344484.0,15271033.649999827,18170036.389999826
cut_12w,Cut start +/-12w,cut,positive,Entertainment & Recreation,ent_apple,Entertainment & Recreation: ent apple,Hedonic/leisure/dining,12,2.5143152675526626e-05,2.6026159615442657e-05,8.830069399160303e-07,0.01699614941021791,0.0007008950249124566,0.00027622630312556205,0.19573222323656578,12,12,3328.0,3993.0,168393.76999999993,210174.30999999985
cut_12w,Cut start +/-12w,cut,positive,Personal & Family,personal_fast_fashion,Personal & Family: personal fast fashion,Shopping/home/personal,12,0.0001980875425682279,0.00020083769003465535,2.7501474664274553e-06,0.11695893480838987,0.0008593740232456393,0.0007276949024282286,0.19573222323656578,12,12,10891.0,12593.0,1342783.819999999,1626110.309999998
cut_12w,Cut start +/-12w,cut,positive,Electronics & Merchandise,elec_retail_david_jones,Electronics & Merchandise: elec retail david jones,Shopping/home/personal,12,0.0006368669521240603,0.0006555875479485281,1.8720595824467845e-05,0.40794843407122716,0.002016748123629548,0.0014024506399953635,0.19573222323656578,12,12,23027.0,26269.0,4300344.3300000075,5296032.640000021
cut_12w,Cut start +/-12w,cut,positive,Electronics & Merchandise,elec_retail_myer,Electronics & Merchandise: elec retail myer,Shopping/home/personal,12,0.0008727339047270192,0.0009046511372685742,3.1917232541555035e-05,0.5871702306394067,0.004519885854738285,0.0033759202394211957,0.19573222323656578,12,12,49070.0,56982.0,5886889.670000006,7322570.71000001
cut_12w,Cut start +/-12w,cut,positive,Travel,travel_public_transport,Travel: travel public transport,Mobility/transport ex-fuel,12,0.00024892491488394543,0.00028988340032172743,4.0958485437781996e-05,0.24601147289778624,0.012650769356952786,0.009323632037727837,0.19573222323656578,12,12,64321.0,87906.0,1720020.7899999982,2341074.9499999955
cut_12w,Cut start +/-12w,cut,positive,Entertainment & Recreation,ent_stadium,Entertainment & Recreation: ent stadium,Hedonic/leisure/dining,12,1.0563236174377549e-05,5.876350667099515e-05,4.8200270496617604e-05,0.15091243244350616,0.006063497184344147,0.002999564137333854,0.19573222323656578,12,12,2086.0,10091.0,75103.67,477967.59999999945
cut_12w,Cut start +/-12w,cut,positive,Loans,loans_bnpl_zip,Loans: loans bnpl zip,Financial obligations,12,0.001559409809350244,0.0024940992885586146,0.0009346894792083705,3.76272881417068,0.06878377308690899,0.04797778759292469,0.19573222323656578,12,12,58363.0,185402.0,10630617.030000005,20436868.309999935
cut_12w,Cut start +/-12w,cut,positive,Automotive & Fuel,auto_fuel_7eleven,Automotive & Fuel: auto fuel 7eleven,Direct fuel,12,0.0011927273001019897,0.0021646433979116285,0.0009719160978096388,3.32751799672484,0.10931807498980485,0.0642409701575291,0.19573222323656578,12,12,175022.0,343534.0,8795285.57999992,17527749.409999963
cut_12w,Cut start +/-12w,cut,positive,Travel,travel_airline,Travel: travel airline,Mobility/transport ex-fuel,12,0.003913808889773077,0.005311249129033656,0.001397440239260579,6.190937619567006,0.00863744806965102,0.005282231548949332,0.19573222323656578,12,12,47080.0,60153.0,27126818.200000018,43109903.28000001
cut_12w,Cut start +/-12w,cut,positive,Travel,travel_hotel,Travel: travel hotel,Mobility/transport ex-fuel,12,0.008092206505783637,0.01645387840220651,0.008361671896422873,31.587294617142764,0.012248676157504468,0.005926668290804474,0.19573222323656578,12,12,324303.0,332689.0,54233312.44999982,137088565.5100038
cut_2w,Cut start +/-2w,cut,negative,Insurance,insurance_general,Insurance: insurance general,Utilities/housing/bills,2,0.018112257366160824,0.006239345189827615,-0.011872912176333208,-31.478081322023872,-0.010278466736827696,-0.0069138487173054375,0.008374059554278454,2,2,46506.0,43748.0,22075573.80000002,7814459.429999985
cut_2w,Cut start +/-2w,cut,negative,Insurance,insurance_health,Insurance: insurance health,Utilities/housing/bills,2,0.005531257887699314,0.004781152497307384,-0.0007501053903919298,-2.1502593334634508,-0.00863944158578904,-0.008028482607424808,0.008374059554278454,2,2,46593.0,43291.0,6895144.649999991,5962397.930000015
cut_2w,Cut start +/-2w,cut,negative,Automotive & Fuel,auto_fuel_bp,Automotive & Fuel: auto fuel bp,Direct fuel,2,0.003830550710467527,0.0032854168708936204,-0.0005451338395739067,-1.476625285852915,-0.00938134013818065,-0.0056244346561377945,0.008374059554278454,2,2,54169.0,52051.0,4738807.329999933,4102227.109999951
cut_2w,Cut start +/-2w,cut,negative,Automotive & Fuel,auto_fuel_ampol,Automotive & Fuel: auto fuel ampol,Direct fuel,2,0.0023203172269007574,0.0018899163957992082,-0.0004304008311015492,-1.1976182256847059,-0.0027057033021638532,-0.001462594790738292,0.008374059554278454,2,2,37009.0,36660.0,2879734.5299999937,2352366.2100000232
cut_2w,Cut start +/-2w,cut,negative,Groceries,grocery_supermarket_major,Groceries: grocery supermarket major,Essentials: grocery/health,2,0.029348396820813645,0.028956999393782032,-0.0003913974270316131,-1.3178579377316026,-0.019425669873010865,-0.008276499719472419,0.008374059554278454,2,2,277726.0,276364.0,36407092.060003154,36117389.36000329
cut_2w,Cut start +/-2w,cut,negative,Telecom & Internet,telco_telstra,Telecom & Internet: telco telstra,Utilities/housing/bills,2,0.0032098762784539326,0.002843168708684153,-0.0003667075697697795,-0.9990554043251967,-0.007217157218265352,-0.006592636664933274,0.008374059554278454,2,2,31028.0,28278.0,3977990.7899999814,3554755.9599999813
cut_2w,Cut start +/-2w,cut,negative,Home Improvement,home_bunnings,Home Improvement: home bunnings,Shopping/home/personal,2,0.00567532414855128,0.0053706725935164686,-0.00030465155503481105,-0.8933739562170295,-0.00880128307260708,-0.004985211331723208,0.008374059554278454,2,2,53829.0,52001.0,7043434.129999755,6691830.259999802
cut_2w,Cut start +/-2w,cut,negative,Telecom & Internet,telco_optus,Telecom & Internet: telco optus,Utilities/housing/bills,2,0.0024812743280298636,0.002194108020965699,-0.0002871663070641646,-0.818195236826976,-0.006360677361295475,-0.005751768489604528,0.008374059554278454,2,2,29387.0,26990.0,3086688.249999997,2736093.58
cut_2w,Cut start +/-2w,cut,negative,Telecom & Internet,telco_vodafone,Telecom & Internet: telco vodafone,Utilities/housing/bills,2,0.0012677177635047894,0.0009992747018366852,-0.00026844306166810415,-0.758795363421167,-0.006969517388048928,-0.006432872348077382,0.008374059554278454,2,2,14989.0,12133.0,1570241.589999989,1231808.799999992
cut_2w,Cut start +/-2w,cut,negative,Entertainment & Recreation,ent_gambling_sportsbet,Entertainment & Recreation: ent gambling sportsbet,Hedonic/leisure/dining,2,0.0031755259240196423,0.0029339986631601042,-0.00024152726085953802,-0.684734201148137,-0.00494231472276252,-0.0015155279605804303,0.008374059554278454,2,2,27380.0,26917.0,3938369.4299999904,3656994.6199999913
cut_2w,Cut start +/-2w,cut,negative,Entertainment & Recreation,ent_gambling_ladbrokes,Entertainment & Recreation: ent gambling ladbrokes,Hedonic/leisure/dining,2,0.0009097394383070791,0.0007346355141820517,-0.0001751039241250274,-0.4782169741018909,-0.0012568491081154376,-0.00040696743779863355,0.008374059554278454,2,2,4011.0,3858.0,1128033.8800000001,918116.0299999999
cut_2w,Cut start +/-2w,cut,negative,Automotive & Fuel,auto_fuel_caltex,Automotive & Fuel: auto fuel caltex,Direct fuel,2,0.0009464308392793383,0.0007758279943338097,-0.00017060284494552853,-0.4711789656159495,-0.00956768040299004,-0.0063167682033611755,0.008374059554278454,2,2,17879.0,15129.0,1175458.5400000042,968924.9800000021
cut_2w,Cut start +/-2w,cut,positive,Restaurants & Dining,resto_delivery_doordash,Restaurants & Dining: resto delivery doordash,Hedonic/leisure/dining,2,0.0005089344346058888,0.0005302418439845311,2.1307409378642345e-05,0.05498350044700895,0.0014634408292385076,0.0008212849939791822,0.008374059554278454,2,2,10199.0,10671.0,630959.390000001,661907.9100000003
cut_2w,Cut start +/-2w,cut,positive,Entertainment & Recreation,ent_streaming_disney,Entertainment & Recreation: ent streaming disney,Hedonic/leisure/dining,2,9.086427853079702e-05,0.00011978467476858736,2.8920396237790342e-05,0.07895495321655732,0.0042983851205561155,0.0040382001177160995,0.008374059554278454,2,2,8042.0,9986.0,112730.16000000488,150226.3500000038
cut_2w,Cut start +/-2w,cut,positive,Restaurants & Dining,resto_delivery_deliveroo,Restaurants & Dining: resto delivery deliveroo,Hedonic/leisure/dining,2,0.0003677982032830378,0.00039965761386810114,3.1859410585063366e-05,0.08424523349468982,0.0029948051916270785,0.001978588787307358,0.008374059554278454,2,2,8101.0,9084.0,456234.36999999767,499122.2999999996
cut_2w,Cut start +/-2w,cut,positive,Services,services_bnpl,Services: services bnpl,Shopping/home/personal,2,0.00047972399578803465,0.0005208351950962403,4.111119930820561e-05,0.10809062989400187,-0.0011524750015639018,1.8424570128988682e-05,0.008374059554278454,2,2,6320.0,6384.0,596169.14,651397.4700000001
cut_2w,Cut start +/-2w,cut,positive,Telecom & Internet,telco_tier2_isp,Telecom & Internet: telco tier2 isp,Utilities/housing/bills,2,0.0009863345276777927,0.0011073695857618977,0.00012103505808410504,0.3243645398706967,0.005053176740887247,0.00459439517058851,0.008374059554278454,2,2,14440.0,16691.0,1226420.2399999583,1387478.1199999447
cut_2w,Cut start +/-2w,cut,positive,Electronics & Merchandise,elec_retail_big_w,Electronics & Merchandise: elec retail big w,Shopping/home/personal,2,0.001294835784840622,0.0014936454725070329,0.0001988096876664109,0.515644519626071,0.004182156420617242,0.002932783917351439,0.008374059554278454,2,2,26071.0,27637.0,1606786.5300000156,1856866.3500000369
cut_2w,Cut start +/-2w,cut,positive,Loans,loans_bnpl_zip,Loans: loans bnpl zip,Financial obligations,2,0.0014622463621407479,0.0016734518341716843,0.00021120547203093637,0.5676391746194707,0.026466754543088902,0.021655696291401162,0.008374059554278454,2,2,9289.0,19343.0,1817350.9000000022,2096007.890000003
cut_2w,Cut start +/-2w,cut,positive,Personal & Family,personal_gym_anytime,Personal & Family: personal gym anytime,Shopping/home/personal,2,0.00027758236223654763,0.0004900409940923858,0.00021245863185583822,0.5799169860325892,0.00867717264241473,0.00736050533636632,0.008374059554278454,2,2,12181.0,15673.0,341832.4799999847,612176.2999999854
cut_2w,Cut start +/-2w,cut,positive,Electronics & Merchandise,elec_retail_kmart,Electronics & Merchandise: elec retail kmart,Shopping/home/personal,2,0.0024857278763360854,0.002723654545747524,0.00023792666941143846,0.611560577795931,0.007556289640459096,0.0041691317088262125,0.008374059554278454,2,2,55354.0,57747.0,3083068.0500000725,3390037.990000167
cut_2w,Cut start +/-2w,cut,positive,Telecom & Internet,telco_mvno,Telecom & Internet: telco mvno,Utilities/housing/bills,2,0.00014636520830832474,0.00047591098800794067,0.00032954577969961595,0.8756658735385432,0.012820973829165631,0.011634196077582405,0.008374059554278454,2,2,5887.0,11271.0,181673.81999999992,584515.1399999999
cut_2w,Cut start +/-2w,cut,positive,Travel,travel_airline,Travel: travel airline,Mobility/transport ex-fuel,2,0.005399685140296139,0.005869510600859556,0.00046982546056341737,1.2715210777368178,-0.00021946646029968875,-0.0005069711394931724,0.008374059554278454,2,2,10112.0,9966.0,6695021.830000002,7343570.680000003
cut_2w,Cut start +/-2w,cut,positive,Travel,travel_hotel,Travel: travel hotel,Mobility/transport ex-fuel,2,0.007937566069475864,0.009636347074455175,0.0016987810049793103,4.615758308322214,-0.0040881255714005915,-0.0026629141367107423,0.008374059554278454,2,2,55244.0,54505.0,9846794.640000045,12067248.240000097
cut_4w,Cut start +/-4w,cut,negative,Insurance,insurance_general,Insurance: insurance general,Utilities/housing/bills,4,0.01247492982408062,0.006390872304214433,-0.006084057519866188,-16.502283381938838,-0.009816355532636198,-0.007083703110269249,-0.024124809291396064,4,4,95943.0,89185.0,30840242.050000057,15761102.370000001
cut_4w,Cut start +/-4w,cut,negative,Telecom & Internet,telco_optus,Telecom & Internet: telco optus,Utilities/housing/bills,4,0.00237656980803907,0.001990827137481144,-0.00038574267055792614,-1.1665977225477366,-0.01027596647102233,-0.009229979975407233,-0.024124809291396064,4,4,57250.0,48707.0,5961841.269999998,4884670.289999999
cut_4w,Cut start +/-4w,cut,negative,Telecom & Internet,telco_telstra,Telecom & Internet: telco telstra,Utilities/housing/bills,4,0.0030799854359523063,0.002784979539419389,-0.00029500589653291744,-0.9639622998624056,-0.007276778485067761,-0.006449314651816723,-0.024124809291396064,4,4,61183.0,55158.0,7732465.8699999675,6835567.559999965
cut_4w,Cut start +/-4w,cut,negative,Education,edu_university,Education: edu university,Education/business/pets,4,0.0006568762431150492,0.000407850594080009,-0.00024902564903504017,-0.6856653112614888,-0.0015644736803856543,-0.001236341523193647,-0.024124809291396064,4,4,4447.0,3311.0,1644469.700000001,1015894.6900000001
cut_4w,Cut start +/-4w,cut,negative,Telecom & Internet,telco_vodafone,Telecom & Internet: telco vodafone,Utilities/housing/bills,4,0.001173008823373818,0.0009692051248178261,-0.00020380369855599193,-0.5897907539302789,-0.005699608326590604,-0.005221211582858359,-0.024124809291396064,4,4,28222.0,23400.0,2917502.0999999805,2373284.2199999867
cut_4w,Cut start +/-4w,cut,negative,Insurance,insurance_health,Insurance: insurance health,Utilities/housing/bills,4,0.005278348386940358,0.005098063436464986,-0.0001802849504753722,-0.8357910456352791,-0.0032626607640545563,-0.0038479983306586724,-0.024124809291396064,4,4,92549.0,88773.0,13350790.349999994,12544135.200000037
cut_4w,Cut start +/-4w,cut,negative,Automotive & Fuel,auto_fuel_caltex,Automotive & Fuel: auto fuel caltex,Direct fuel,4,0.0009378040483591483,0.0007809192831495847,-0.0001568847652095636,-0.46656880668516587,-0.009590613805309046,-0.006152247692781443,-0.024124809291396064,4,4,36261.0,30555.0,2348579.690000009,1917273.240000003
cut_4w,Cut start +/-4w,cut,negative,Entertainment & Recreation,ent_gambling_ladbrokes,Entertainment & Recreation: ent gambling ladbrokes,Hedonic/leisure/dining,4,0.00085524160276924,0.0007166203280458605,-0.00013862127472337948,-0.40907653460934035,0.0015854150659246405,0.00034019029098202036,-0.024124809291396064,4,4,7466.0,7764.0,2136275.21,1759468.6099999999
cut_4w,Cut start +/-4w,cut,negative,Automotive & Fuel,auto_fuel_7eleven,Automotive & Fuel: auto fuel 7eleven,Direct fuel,4,0.0024718928600002666,0.002337630485586055,-0.00013426237441421145,-0.46983039889817135,-0.008037851019027736,-0.0029868510437294493,-0.024124809291396064,4,4,118966.0,116035.0,6175899.229999934,5739020.819999956
cut_4w,Cut start +/-4w,cut,negative,Office & Business,office_officeworks,Office & Business: office officeworks,Education/business/pets,4,0.0010514542690567047,0.0009228037066227501,-0.00012865056243395456,-0.39861902740866384,-0.006686965839214423,-0.004938820208428552,-0.024124809291396064,4,4,33015.0,28436.0,2636380.770000003,2266781.850000005
cut_4w,Cut start +/-4w,cut,negative,Utilities,utility_agl,Utilities: utility agl,Utilities/housing/bills,4,0.0009268611745531735,0.000805734247998797,-0.00012112692655437656,-0.36605574691346954,-0.001740000522141169,-0.0013674912344787543,-0.024124809291396064,4,4,13334.0,12060.0,2321206.929999999,1982522.3499999999
cut_4w,Cut start +/-4w,cut,negative,Electronics & Merchandise,elec_apple,Electronics & Merchandise: elec apple,Shopping/home/personal,4,0.0020992702027303766,0.001978189899175665,-0.00012108030355471172,-0.42182806931977446,-0.016699369590747137,-0.008831152941004727,-0.024124809291396064,4,4,178737.0,170240.0,5258308.729997979,4862156.04999819
cut_4w,Cut start +/-4w,cut,positive,Home Improvement,home_bunnings,Home Improvement: home bunnings,Shopping/home/personal,4,0.005566043788014405,0.005723595974186829,0.00015755218617242387,0.15675506481815837,-0.0011867775104645595,-0.001121164054479512,-0.024124809291396064,4,4,107468.0,106235.0,13918987.34999951,14035070.269999573
cut_4w,Cut start +/-4w,cut,positive,Automotive & Fuel,auto_fuel_ampol,Automotive & Fuel: auto fuel ampol,Direct fuel,4,0.0020121777121016597,0.002209650643284185,0.00019747293118252537,0.40928879268168394,0.005937350159240157,0.005070884129886127,-0.024124809291396064,4,4,72138.0,76642.0,5023730.4100000225,5388367.139999999
cut_4w,Cut start +/-4w,cut,positive,Entertainment & Recreation,ent_gambling_sportsbet,Entertainment & Recreation: ent gambling sportsbet,Hedonic/leisure/dining,4,0.0028307543106821063,0.0030673478281089722,0.0002365935174268659,0.5217033573617194,0.021408029804841328,0.0067985829541041334,-0.024124809291396064,4,4,48874.0,55043.0,7059232.409999989,7529511.169999983
cut_4w,Cut start +/-4w,cut,positive,Automotive & Fuel,auto_fuel_bp,Automotive & Fuel: auto fuel bp,Direct fuel,4,0.0033739320895560592,0.003637228398910948,0.0002632963093548886,0.5991888081943415,-0.0018268480582930013,-0.0003265658879153671,-0.024124809291396064,4,4,106722.0,106224.0,8419479.769999892,8958497.189999882
cut_4w,Cut start +/-4w,cut,positive,Electronics & Merchandise,elec_retail_big_w,Electronics & Merchandise: elec retail big w,Shopping/home/personal,4,0.0012793361396671206,0.0015585555396399114,0.0002792193999727908,0.6613119509379408,0.00782199207189127,0.006007311792817535,-0.024124809291396064,4,4,51940.0,57314.0,3201255.310000035,3798502.430000077
cut_4w,Cut start +/-4w,cut,positive,Electronics & Merchandise,elec_retail_kmart,Electronics & Merchandise: elec retail kmart,Shopping/home/personal,4,0.0024882663434556366,0.0028799693551737637,0.0003917030117181271,0.8960898692181942,0.010710547849712732,0.006410995892820709,-0.024124809291396064,4,4,112085.0,117700.0,6230385.200000175,7035025.730000379
cut_4w,Cut start +/-4w,cut,positive,Groceries,grocery_alcohol_attached,Groceries: grocery alcohol attached,Hedonic/leisure/dining,4,0.004165413131651195,0.0045596850552069666,0.00039427192355577165,0.8187693915766321,0.004710299014721697,0.0041274276606126925,-0.024124809291396064,4,4,149046.0,152471.0,10430022.029999452,11152170.409999413
cut_4w,Cut start +/-4w,cut,positive,Loans,loans_bnpl_afterpay,Loans: loans bnpl afterpay,Financial obligations,4,0.006867972103533233,0.007312788909373742,0.0004448168058405087,0.8639561088943388,0.02340620286368761,0.0033416626505426983,-0.024124809291396064,4,4,137503.0,140299.0,17197944.5499991,17959133.449999623
cut_4w,Cut start +/-4w,cut,positive,Travel,travel_airline,Travel: travel airline,Mobility/transport ex-fuel,4,0.0050213764242914,0.005530522064963928,0.000509145640672528,1.1595658359790715,0.0009129469662733716,0.0007202615089311193,-0.024124809291396064,4,4,19192.0,19822.0,12538999.340000011,13594668.25
cut_4w,Cut start +/-4w,cut,positive,Loans,loans_bnpl_zip,Loans: loans bnpl zip,Financial obligations,4,0.0015004824967878923,0.002152058818913904,0.0006515763221260115,1.6825991082864338,0.04088319943662781,0.02934241938845809,-0.024124809291396064,4,4,20853.0,47607.0,3795986.7800000045,5322142.17
cut_4w,Cut start +/-4w,cut,positive,Groceries,grocery_supermarket_major,Groceries: grocery supermarket major,Essentials: grocery/health,4,0.029080657070426508,0.029755673054107618,0.0006750159836811098,0.1661101743944613,-0.02121116116472721,-0.0037362519923359594,-0.024124809291396064,4,4,555556.0,551010.0,72873121.91000658,72869001.42000669
cut_4w,Cut start +/-4w,cut,positive,Travel,travel_hotel,Travel: travel hotel,Mobility/transport ex-fuel,4,0.007527547021439646,0.010957348096424895,0.0034298010749852486,8.64794577820377,0.015651428136721907,0.00671358749987,-0.024124809291396064,4,4,107987.0,113926.0,18862916.060000017,26735201.17000034
cut_6w,Cut start +/-6w,cut,negative,Insurance,insurance_general,Insurance: insurance general,Utilities/housing/bills,6,0.010569049498448327,0.006196536932322704,-0.004372512566125622,-10.962120049878909,-0.005369564300628113,-0.003496775728638768,0.027510880976969344,6,6,140461.0,133873.0,38983281.630000055,23690666.40999997
cut_6w,Cut start +/-6w,cut,negative,Groceries,grocery_supermarket_major,Groceries: grocery supermarket major,Essentials: grocery/health,6,0.02946948431348634,0.028092685968032115,-0.0013767983454542262,-0.9395606414842348,-0.041481563250522546,-0.009583107780268718,0.027510880976969344,6,6,836039.0,812866.0,109331179.64001027,106735322.40001
cut_6w,Cut start +/-6w,cut,negative,Insurance,insurance_health,Insurance: insurance health,Utilities/housing/bills,6,0.00532571827244015,0.004770868113617973,-0.0005548501588221776,-1.0822114064176276,-0.004035871325257706,-0.004103237756497777,0.027510880976969344,6,6,138453.0,131126.0,19878685.400000013,18160437.260000065
cut_6w,Cut start +/-6w,cut,negative,Groceries,grocery_fuel_attached,Groceries: grocery fuel attached,Direct fuel,6,0.002511292576555359,0.0021415055858199387,-0.00036978699073542034,-0.7604995448747296,-0.025446330089048147,-0.013258013009983804,0.027510880976969344,6,6,158480.0,138585.0,9277221.559999999,8138741.370000034
cut_6w,Cut start +/-6w,cut,negative,Groceries,grocery_supermarket_discount,Groceries: grocery supermarket discount,Essentials: grocery/health,6,0.0063060820806533045,0.005965951671656784,-0.0003401304089965208,-0.3081649366294279,-0.010531969626144388,-0.0033815228391139984,0.027510880976969344,6,6,311826.0,303397.0,23385665.219999246,22679382.14999927
cut_6w,Cut start +/-6w,cut,negative,Telecom & Internet,telco_optus,Telecom & Internet: telco optus,Utilities/housing/bills,6,0.002342675738248447,0.0020226045749781444,-0.00032007116327030256,-0.6337949709209187,-0.005404684999233952,-0.004722530770485393,0.027510880976969344,6,6,84073.0,76561.0,8703037.57,7728353.140000002
cut_6w,Cut start +/-6w,cut,negative,Education,edu_university,Education: edu university,Education/business/pets,6,0.000653589768721958,0.00034765136806943104,-0.000305938400652527,-0.7906055110155582,-0.0009056170599290982,-0.0007929510625994834,0.027510880976969344,6,6,6128.0,4979.0,2424378.970000001,1327155.27
cut_6w,Cut start +/-6w,cut,negative,Automotive & Fuel,auto_fuel_caltex,Automotive & Fuel: auto fuel caltex,Direct fuel,6,0.0009805085016917272,0.0007136573229185373,-0.00026685117877318985,-0.6495113284662783,-0.014505787493544198,-0.009367135860749679,0.027510880976969344,6,6,56936.0,43555.0,3633390.5600000154,2710171.350000004
cut_6w,Cut start +/-6w,cut,negative,Telecom & Internet,telco_telstra,Telecom & Internet: telco telstra,Utilities/housing/bills,6,0.0030554203671784032,0.0028036542487963416,-0.0002517661183820616,-0.3611694915449224,-0.002576622824245464,-0.0026866411891281403,0.027510880976969344,6,6,89044.0,84257.0,11356634.639999952,10715711.20999995
cut_6w,Cut start +/-6w,cut,negative,Automotive & Fuel,auto_fuel_bp,Automotive & Fuel: auto fuel bp,Direct fuel,6,0.003585092851657193,0.0033501105313843062,-0.00023498232027288667,-0.26228694345723724,-0.008968594440209282,-0.004839610360370103,0.027510880976969344,6,6,164382.0,155854.0,13250576.339999828,12752650.009999854
cut_6w,Cut start +/-6w,cut,negative,Home Improvement,home_bunnings,Home Improvement: home bunnings,Shopping/home/personal,6,0.005621622680952094,0.0053998103329654275,-0.00022181234798666644,-0.031434987529040725,-0.004462774594291563,-0.002956385331613645,0.027510880976969344,6,6,162086.0,156122.0,20828450.489999246,20536441.53999935
cut_6w,Cut start +/-6w,cut,negative,Electronics & Merchandise,elec_apple,Electronics & Merchandise: elec apple,Shopping/home/personal,6,0.002105840048168978,0.0018854646817555419,-0.00022037536641343592,-0.3915465509203848,-0.0057284815721448945,-0.0031298802579620144,0.027510880976969344,6,6,263515.0,255911.0,7812576.66999704,7186211.989997301
cut_6w,Cut start +/-6w,cut,positive,Electronics & Merchandise,elec_retail_david_jones,Electronics & Merchandise: elec retail david jones,Shopping/home/personal,6,0.0006313041002183719,0.0006851934956482822,5.3889395429910386e-05,0.218028098787181,0.0013967887224382199,0.0009481510004952301,0.027510880976969344,6,6,12167.0,13314.0,2341983.9900000053,2610384.2900000103
cut_6w,Cut start +/-6w,cut,positive,Travel,travel_rideshare,Travel: travel rideshare,Mobility/transport ex-fuel,6,0.0023297671763604093,0.0023936304096961853,6.386323333577599e-05,0.42728503142932794,0.0053611736014858025,0.0023722748725738263,0.027510880976969344,6,6,171439.0,172521.0,8640267.129999906,9110088.009999916
cut_6w,Cut start +/-6w,cut,positive,Electronics & Merchandise,elec_retail_myer,Electronics & Merchandise: elec retail myer,Shopping/home/personal,6,0.0008668892478297104,0.0009408917201123808,7.400247228267032e-05,0.3109469237528586,0.0026487970634417463,0.001959401257173206,0.027510880976969344,6,6,26051.0,28391.0,3211849.650000004,3593737.4800000032
cut_6w,Cut start +/-6w,cut,positive,Loans,loans_bnpl_afterpay,Loans: loans bnpl afterpay,Financial obligations,6,0.006961447205770343,0.0070620614868826094,0.00010061428111226602,1.0595018162061827,0.0276273605580466,0.003583189585276647,0.027510880976969344,6,6,207176.0,209484.0,25812432.77999864,26932099.119999375
cut_6w,Cut start +/-6w,cut,positive,Telecom & Internet,telco_mvno,Telecom & Internet: telco mvno,Utilities/housing/bills,6,0.0002485408179580886,0.00034997431839861717,0.00010143350044052859,0.2885242351444308,0.004035731117961051,0.003660509864311004,0.027510880976969344,6,6,23431.0,27981.0,965402.76,1335849.7999999998
cut_6w,Cut start +/-6w,cut,positive,Services,services_amazon,Services: services amazon,Shopping/home/personal,6,0.00014009229679609817,0.00024511794747559423,0.00010502565067949606,0.30343183637843035,-0.002958361792361351,-0.001936411658033852,0.027510880976969344,6,6,4974.0,2261.0,542499.9699999993,942195.2
cut_6w,Cut start +/-6w,cut,positive,Entertainment & Recreation,ent_gambling_sportsbet,Entertainment & Recreation: ent gambling sportsbet,Hedonic/leisure/dining,6,0.0027607310743112223,0.0028777320209034357,0.00011700094659221338,0.6235419362865242,0.029873435922482233,0.008878409980897256,0.027510880976969344,6,6,70113.0,81348.0,10216798.47999998,10948716.999999978
cut_6w,Cut start +/-6w,cut,positive,Electronics & Merchandise,elec_retail_big_w,Electronics & Merchandise: elec retail big w,Shopping/home/personal,6,0.0012778591588331759,0.0014555391347795537,0.00017767997594637778,0.6062880142929488,0.007033786917302165,0.0053526349604402015,0.027510880976969344,6,6,77757.0,84079.0,4737927.740000051,5504843.4700000975
cut_6w,Cut start +/-6w,cut,positive,Electronics & Merchandise,elec_retail_kmart,Electronics & Merchandise: elec retail kmart,Shopping/home/personal,6,0.0024734255076778616,0.0027194142674791,0.00024598875980123835,0.9194551713531656,0.010502926278339958,0.006324945361949566,0.027510880976969344,6,6,167421.0,173950.0,9176117.790000297,10312320.920000538
cut_6w,Cut start +/-6w,cut,positive,Travel,travel_airline,Travel: travel airline,Mobility/transport ex-fuel,6,0.0047339871838163955,0.005344568320359166,0.0006105811365427708,2.2316143725515722,0.0025995405654576365,0.001891619983667995,0.027510880976969344,6,6,27351.0,29590.0,17554358.350000013,20385240.17
cut_6w,Cut start +/-6w,cut,positive,Loans,loans_bnpl_zip,Loans: loans bnpl zip,Financial obligations,6,0.0015760240511300037,0.0023979954129343247,0.000821971361804321,2.574421295689474,0.05452188761546257,0.03838540754580928,0.027510880976969344,6,6,33702.0,85061.0,5878743.200000003,9267601.229999984
cut_6w,Cut start +/-6w,cut,positive,Travel,travel_hotel,Travel: travel hotel,Mobility/transport ex-fuel,6,0.007443216628711221,0.011649587980259694,0.004206371351548473,12.944230189395078,0.0164425865877863,0.006293761348980492,0.027510880976969344,6,6,163030.0,169562.0,27631936.10999993,44722928.22000069
cut_8w,Cut start +/-8w,cut,negative,Insurance,insurance_general,Insurance: insurance general,Utilities/housing/bills,8,0.009687702722418437,0.006103006151768808,-0.003584696570649629,-7.923550035097147,-0.0014138479550152572,-0.0008763680872762997,0.07504638821949143,8,8,183930.0,178440.0,46792395.470000036,31668486.459999952
cut_8w,Cut start +/-8w,cut,negative,Groceries,grocery_supermarket_major,Groceries: grocery supermarket major,Essentials: grocery/health,8,0.03032676532642138,0.02748783135890605,-0.00283893396751533,-0.5815206727147597,-0.024394558754624596,-0.005227109142131092,0.07504638821949143,8,8,1113394.0,1081149.0,145729612.29001382,141704271.34001344
cut_8w,Cut start +/-8w,cut,negative,Groceries,grocery_fuel_attached,Groceries: grocery fuel attached,Direct fuel,8,0.003102522216959125,0.0020909581090046542,-0.0010115641079544708,-1.9932630980678114,-0.0731520723258417,-0.03569856146411743,0.07504638821949143,8,8,252725.0,183206.0,14669254.759999897,10781335.390000053
cut_8w,Cut start +/-8w,cut,negative,Groceries,grocery_supermarket_discount,Groceries: grocery supermarket discount,Essentials: grocery/health,8,0.006481175179723058,0.005848448545830002,-0.0006327266338930562,-0.18147116646643724,-0.009180447995771057,-0.0027787945244680257,0.07504638821949143,8,8,415931.0,402382.0,31133208.729998954,30165270.82999903
cut_8w,Cut start +/-8w,cut,negative,Home Improvement,home_bunnings,Home Improvement: home bunnings,Shopping/home/personal,8,0.0058023268961539184,0.00520534970322864,-0.0005969771929252785,-0.24646396541648485,-0.007775297283499266,-0.005091403347970716,0.07504638821949143,8,8,218253.0,204691.0,27848007.65999896,26846388.30999916
cut_8w,Cut start +/-8w,cut,negative,Insurance,insurance_health,Insurance: insurance health,Utilities/housing/bills,8,0.005263223163361426,0.004744408380229605,-0.0005188147831318209,-0.23767695315661896,-0.00038075810336991867,-0.000739486783653362,0.07504638821949143,8,8,181251.0,176081.0,25511286.310000043,24545371.380000092
cut_8w,Cut start +/-8w,cut,negative,Telecom & Internet,telco_telstra,Telecom & Internet: telco telstra,Utilities/housing/bills,8,0.003192144137328867,0.0028422515556943183,-0.00034989258163454877,-0.15478209457273984,9.311000722772578e-05,-0.0004402728734544392,0.07504638821949143,8,8,118194.0,114875.0,15344174.459999934,14725999.469999932
cut_8w,Cut start +/-8w,cut,negative,Automotive & Fuel,auto_fuel_bp,Automotive & Fuel: auto fuel bp,Direct fuel,8,0.0035734446352837738,0.0032248339317386956,-0.00034861070354507816,-0.11218373900565126,-0.009890954259959728,-0.005687680717881907,0.07504638821949143,8,8,219746.0,205096.0,17162214.989999782,16637455.13999984
cut_8w,Cut start +/-8w,cut,negative,Automotive & Fuel,auto_fuel_caltex,Automotive & Fuel: auto fuel caltex,Direct fuel,8,0.0010187499715715964,0.0006752814095787234,-0.000343468561992873,-0.7331826837754092,-0.017631746961110695,-0.011472913065031697,0.07504638821949143,8,8,77883.0,55718.0,4887625.7500000205,3474234.0500000054
cut_8w,Cut start +/-8w,cut,negative,Electronics & Merchandise,elec_apple,Electronics & Merchandise: elec apple,Shopping/home/personal,8,0.0021685002743888787,0.0018448913034499216,-0.000323608970938957,-0.37130350987545757,-0.0011573630230075072,-0.00013186682762394986,0.07504638821949143,8,8,347477.0,339994.0,10419379.989996105,9538660.329996431
cut_8w,Cut start +/-8w,cut,negative,Groceries,grocery_alcohol_attached,Groceries: grocery alcohol attached,Hedonic/leisure/dining,8,0.004339820585568082,0.004018374461392544,-0.0003214461241755383,0.11164078224135032,-0.0020321903190827773,-0.0006034929574550429,0.07504638821949143,8,8,298591.0,291488.0,20857886.469998926,20649141.489999004
cut_8w,Cut start +/-8w,cut,negative,Telecom & Internet,telco_optus,Telecom & Internet: telco optus,Utilities/housing/bills,8,0.0023764234344222286,0.0020574522987556534,-0.0003189711356665751,-0.29167681297051473,-0.0021278842418505084,-0.0018475851624319556,0.07504638821949143,8,8,110744.0,105015.0,11441221.140000002,10666918.440000005
cut_8w,Cut start +/-8w,cut,positive,Travel,travel_public_transport,Travel: travel public transport,Mobility/transport ex-fuel,8,0.0002802221266110423,0.00030176962164392944,2.1547495032887148e-05,0.12864422556167,0.007211404660844786,0.005489546502907755,0.07504638821949143,8,8,49854.0,58768.0,1352433.899999998,1557234.7799999975
cut_8w,Cut start +/-8w,cut,positive,Entertainment & Recreation,ent_stadium,Entertainment & Recreation: ent stadium,Hedonic/leisure/dining,8,1.399387937356641e-05,6.870923232850859e-05,5.471535295494218e-05,0.16589544239918383,0.006579586767331878,0.0031097138629156878,0.07504638821949143,8,8,1848.0,7391.0,67864.59,363515.9499999995
cut_8w,Cut start +/-8w,cut,positive,Travel,travel_rideshare,Travel: travel rideshare,Mobility/transport ex-fuel,8,0.002274577502573392,0.002330154294992977,5.5576792419585134e-05,0.7136675784777067,0.015597375255695656,0.006612112084138838,0.07504638821949143,8,8,221819.0,229157.0,10970201.909999877,12028508.479999878
cut_8w,Cut start +/-8w,cut,positive,Electronics & Merchandise,elec_retail_david_jones,Electronics & Merchandise: elec retail david jones,Shopping/home/personal,8,0.0006144087567416334,0.0006743742684307752,5.996551168914173e-05,0.32039027063518155,0.0018259467174770658,0.001300710963381073,0.07504638821949143,8,8,15464.0,17500.0,2964139.4400000055,3481058.080000013
cut_8w,Cut start +/-8w,cut,positive,Electronics & Merchandise,elec_retail_big_w,Electronics & Merchandise: elec retail big w,Shopping/home/personal,8,0.0013179301922981441,0.0014000184380430075,8.208824574486339e-05,0.5443619614207771,0.006638471902802964,0.005057801211785201,0.07504638821949143,8,8,104021.0,110989.0,6329930.0900000725,7182378.220000122
cut_8w,Cut start +/-8w,cut,positive,Entertainment & Recreation,ent_gambling_sportsbet,Entertainment & Recreation: ent gambling sportsbet,Hedonic/leisure/dining,8,0.002707149011239475,0.0028046700412125173,9.752102997304243e-05,0.9417995711878495,0.03408816529472847,0.011168634756070772,0.07504638821949143,8,8,88857.0,107187.0,13032146.759999977,14472643.56999997
cut_8w,Cut start +/-8w,cut,positive,Electronics & Merchandise,elec_retail_myer,Electronics & Merchandise: elec retail myer,Shopping/home/personal,8,0.0008382217619617224,0.0009416544501531397,0.00010343268819141725,0.5098961868782008,0.004311560234863149,0.0032076902673529237,0.07504638821949143,8,8,33168.0,38249.0,4044505.750000004,4875850.430000007
cut_8w,Cut start +/-8w,cut,positive,Electronics & Merchandise,elec_retail_kmart,Electronics & Merchandise: elec retail kmart,Shopping/home/personal,8,0.0025133599383895,0.002660749788946319,0.00014738985055681893,1.030266587129133,0.011802624681901602,0.007446659657788374,0.07504638821949143,8,8,222769.0,231554.0,12090799.57000041,13694764.470000714
cut_8w,Cut start +/-8w,cut,positive,Automotive & Fuel,auto_fuel_7eleven,Automotive & Fuel: auto fuel 7eleven,Direct fuel,8,0.0017477328018138968,0.002212205178414346,0.000464472376600449,1.6500639825046148,0.057943286847840836,0.033974714137365775,0.07504638821949143,8,8,171246.0,229109.0,8631684.93999992,11437221.719999962
cut_8w,Cut start +/-8w,cut,positive,Loans,loans_bnpl_zip,Loans: loans bnpl zip,Financial obligations,8,0.0015510984908863007,0.002451954752171079,0.0009008562612847783,3.072144989338063,0.0600528242180636,0.04189040784799051,0.07504638821949143,8,8,42386.0,116423.0,7515585.430000005,12840349.139999967
cut_8w,Cut start +/-8w,cut,positive,Travel,travel_airline,Travel: travel airline,Mobility/transport ex-fuel,8,0.004406856096432779,0.005507797312191327,0.0011009412157585476,4.294063138030991,0.005305288511725886,0.0034031655866328045,0.07504638821949143,8,8,34417.0,39834.0,21329751.00000002,28612623.85
cut_8w,Cut start +/-8w,cut,positive,Travel,travel_hotel,Travel: travel hotel,Mobility/transport ex-fuel,8,0.007441600110311674,0.012975767681384073,0.005534167571072399,18.74686128342991,0.012838284459444682,0.005182374357670133,0.07504638821949143,8,8,217437.0,222345.0,35846251.67999982,68520822.85000138
cut_period_26w,Cut period 26w,cut,negative,Groceries,grocery_supermarket_major,Groceries: grocery supermarket major,Essentials: grocery/health,26,0.031050977534585952,0.022264146862292947,-0.008786830672293005,-1.116912441361137,-0.012430511431615443,-0.005567860013408921,0.36148823219308174,26,26,3616991.0,3486823.0,478569678.9100441,459205145.43004197
cut_period_26w,Cut period 26w,cut,negative,Home Improvement,home_bunnings,Home Improvement: home bunnings,Shopping/home/personal,26,0.006677670672474587,0.004272650419526638,-0.00240502025294795,-2.012175929942618,-0.022813959765858843,-0.013813329370417377,0.36148823219308174,26,26,761725.0,661104.0,102823033.95999612,88387832.02999732
cut_period_26w,Cut period 26w,cut,negative,Loans,loans_bnpl_afterpay,Loans: loans bnpl afterpay,Financial obligations,26,0.00800985912307093,0.0057670691210879275,-0.002242790001983002,-0.095025976543063,0.006488757258850397,-0.003411991218591731,0.36148823219308174,26,26,953077.0,907409.0,123232143.38000058,119335015.2799988
cut_period_26w,Cut period 26w,cut,negative,Groceries,grocery_fuel_attached,Groceries: grocery fuel attached,Direct fuel,26,0.0039053781521646686,0.001700706928843091,-0.0022046712233215774,-4.082281818050571,-0.16544636946290558,-0.08132213427723926,0.36148823219308174,26,26,1084800.0,583460.0,60335515.41999881,35009696.10000019
cut_period_26w,Cut period 26w,cut,negative,Groceries,grocery_alcohol_attached,Groceries: grocery alcohol attached,Hedonic/leisure/dining,26,0.005221389105527135,0.003159169051014994,-0.0020622200545121405,-2.4207736219731935,-0.03231486581968415,-0.021632406864092235,0.36148823219308174,26,26,1080726.0,926302.0,80972212.78999647,64801130.29999715
cut_period_26w,Cut period 26w,cut,negative,Groceries,grocery_supermarket_discount,Groceries: grocery supermarket discount,Essentials: grocery/health,26,0.006661698215548313,0.0048151560159381225,-0.0018465421996101909,-0.03166305047773221,-0.00749016800141078,-0.0015068191558755828,0.36148823219308174,26,26,1352557.0,1307155.0,102433830.0299967,99474077.09999697
cut_period_26w,Cut period 26w,cut,negative,Insurance,insurance_general,Insurance: insurance general,Utilities/housing/bills,26,0.008317441919909276,0.006508285948406258,-0.0018091559715030176,0.700396333130545,0.005208806642191199,0.003960545970243923,0.36148823219308174,26,26,578296.0,585469.0,135252726.14999947,135785254.9199998
cut_period_26w,Cut period 26w,cut,negative,Electronics & Merchandise,elec_specialty,Electronics & Merchandise: elec specialty,Shopping/home/personal,26,0.003220548287111713,0.001987902276734625,-0.001232646010377088,-1.1961033480305616,-0.003317795926617316,-0.0028392811667912517,0.36148823219308174,26,26,98126.0,78980.0,49577326.789999664,41270012.219999805
cut_period_26w,Cut period 26w,cut,negative,Insurance,insurance_health,Insurance: insurance health,Utilities/housing/bills,26,0.005021670411282674,0.0038183652241469464,-0.001203305187135728,0.521096642160602,0.0031040591253363864,0.0026087681524360057,0.36148823219308174,26,26,575122.0,574531.0,77813155.72000024,78714845.66000032
cut_period_26w,Cut period 26w,cut,negative,Entertainment & Recreation,ent_gambling_sportsbet,Entertainment & Recreation: ent gambling sportsbet,Hedonic/leisure/dining,26,0.003324035247049518,0.0021910237485908432,-0.0011330114984586747,-0.7934083961840681,-0.0005084949002573669,0.004212619384405238,0.36148823219308174,26,26,318571.0,334064.0,51136492.01999983,45100555.919999905
cut_period_26w,Cut period 26w,cut,negative,Restaurants & Dining,resto_delivery_uber_eats,Restaurants & Dining: resto delivery uber eats,Hedonic/leisure/dining,26,0.004010841332689289,0.0030039899896756256,-0.001006851343013663,0.3833514567852525,-0.010155510073580953,-0.0012787984144128628,0.36148823219308174,26,26,822832.0,793183.0,61695855.199996404,62248689.84999708
cut_period_26w,Cut period 26w,cut,negative,Telecom & Internet,telco_telstra,Telecom & Internet: telco telstra,Utilities/housing/bills,26,0.003108810315330332,0.0023581509638566233,-0.000750659351473709,0.4158959545638501,0.00880351242984169,0.005337127113399377,0.36148823219308174,26,26,360602.0,381687.0,47720341.339999825,48816194.48999976
cut_period_26w,Cut period 26w,cut,positive,Electronics & Merchandise,elec_retail_target,Electronics & Merchandise: elec retail target,Shopping/home/personal,26,1.065923871847471e-06,3.153184045625706e-05,3.046591658440959e-05,0.11838719785421084,0.0013496878037161143,0.001224309064660289,0.36148823219308174,10,26,59.0,7230.0,6367.75,700709.8100000003
cut_period_26w,Cut period 26w,cut,positive,Entertainment & Recreation,ent_stadium,Entertainment & Recreation: ent stadium,Hedonic/leisure/dining,26,8.29541372140608e-06,5.3988922587778924e-05,4.5693508866372845e-05,0.17364829595326847,0.006720125937188693,0.0033754937162378106,0.36148823219308174,26,26,3374.0,22865.0,126371.79,1129905.6899999997
cut_period_26w,Cut period 26w,cut,positive,Utilities,utility_origin,Utilities: utility origin,Utilities/housing/bills,26,0.00026569603517603705,0.0003473054493225662,8.160941414652915e-05,0.62354448494213,0.0029217727347639905,0.0022608732633435246,0.36148823219308174,26,26,22948.0,35430.0,4103474.1300000004,7606017.179999998
cut_period_26w,Cut period 26w,cut,positive,Automotive & Fuel,auto_fuel_ampol,Automotive & Fuel: auto fuel ampol,Direct fuel,26,0.001738901001684069,0.0018832668417842501,0.00014436584010018108,2.278990764166272,0.02490919967597008,0.01608005738350446,0.36148823219308174,26,26,426628.0,508393.0,27033705.530000165,39511910.71000013
cut_period_26w,Cut period 26w,cut,positive,Loans,loans_bnpl_zip,Loans: loans bnpl zip,Financial obligations,26,0.0014932926740526323,0.0023682720589145137,0.0008749793848618814,4.81366496297788,0.07245551965864147,0.04822513853928462,0.36148823219308174,26,26,154743.0,429965.0,22963066.980000008,50219242.599999785
cut_period_26w,Cut period 26w,cut,positive,Automotive & Fuel,auto_fuel_7eleven,Automotive & Fuel: auto fuel 7eleven,Direct fuel,26,0.0007238897077945831,0.0018381291120561363,0.0011142394042615532,4.591533188020293,0.15036115097698627,0.08786458126880572,0.36148823219308174,20,26,177357.0,734530.0,8901701.459999919,37914681.03999987
cut_period_26w,Cut period 26w,cut,positive,Travel,travel_airline,Travel: travel airline,Mobility/transport ex-fuel,26,0.0031047576360020055,0.004815738395886036,0.0017109807598840302,9.28647569742421,0.014869053344124299,0.008973768495021024,0.36148823219308174,26,26,82555.0,132407.0,48257525.30000003,100851581.49000002
cut_period_26w,Cut period 26w,cut,positive,Travel,travel_foreign_pos,Travel: travel foreign pos,Reopening/foreign POS,26,0.0003092146568436868,0.009208335161700663,0.008899120504856976,35.67746730118291,0.0015985598091222007,0.0006274996842852142,0.36148823219308174,26,26,805.0,4415.0,4940560.7299999995,211006310.46000004
cut_period_26w,Cut period 26w,cut,positive,Groceries,grocery_foreign_pos,Groceries: grocery foreign pos,Reopening/foreign POS,26,0.000548991310213969,0.01143857929844627,0.0108895879882323,43.55577280902532,0.0019625842989001658,0.0007278371029471168,0.36148823219308174,26,26,1308.0,5486.0,9040372.42,261437366.75000012
cut_period_26w,Cut period 26w,cut,positive,Travel,travel_hotel,Travel: travel hotel,Mobility/transport ex-fuel,26,0.007753634030892919,0.02782515003364333,0.020071516002750412,92.37356972616593,0.010969439193036057,0.006277426419060747,0.36148823219308174,26,26,725271.0,742004.0,119892947.02000003,650960278.7900081
cut_period_26w,Cut period 26w,cut,positive,Restaurants & Dining,resto_foreign_pos,Restaurants & Dining: resto foreign pos,Reopening/foreign POS,26,0.00421761848958792,0.04681161201632934,0.042593993526741425,173.33816617381288,0.006424670453836886,0.001128111469759515,0.36148823219308174,26,26,2180.0,8651.0,65971364.58,1067565007.2899996
cut_period_26w,Cut period 26w,cut,positive,Other,other_foreign_pos,Other: other foreign pos,Reopening/foreign POS,26,0.0080141380898588,0.07816642645770391,0.07015228836784511,285.06406039399724,0.006607833739758644,0.0011535104639220676,0.36148823219308174,26,26,2424.0,9035.0,126293463.51000002,1772882221.3200002
restore_12w,Restoration +/-12w,restore,negative,Travel,travel_hotel,Travel: travel hotel,Mobility/transport ex-fuel,12,0.04053692361868339,0.03395918514676704,-0.006577738471916353,-33.30997451464319,-0.0031528830448094847,-0.0007401738527003654,-0.026168674928779674,12,12,352939.0,348339.0,480133719.4100037,389500348.47999626
restore_12w,Restoration +/-12w,restore,negative,Restaurants & Dining,resto_foreign_pos,Restaurants & Dining: resto foreign pos,Reopening/foreign POS,12,0.06471536099237143,0.06133304682778624,-0.003382314164585197,-14.750419457832038,-0.003598956152842089,-0.0005112492576932169,-0.026168674928779674,12,12,5385.0,3991.0,742184646.6299995,697778904.2699999
restore_12w,Restoration +/-12w,restore,negative,Education,edu_university,Education: edu university,Education/business/pets,12,0.00047208691468940926,0.00014069106463907315,-0.0003313958500503361,-1.4467891501148396,-0.0012171782882009837,-0.0009791745312496066,-0.026168674928779674,12,12,10461.0,7792.0,5463614.24,1588780.0499999998
restore_12w,Restoration +/-12w,restore,negative,Travel,travel_rideshare,Travel: travel rideshare,Mobility/transport ex-fuel,12,0.0019021195032919989,0.0018135742234671114,-8.854527982488742e-05,-0.22285180791110815,0.017892332668347277,0.007952049474828582,-0.026168674928779674,12,12,356222.0,374538.0,21200386.860000033,20457175.419999663
restore_12w,Restoration +/-12w,restore,negative,Restaurants & Dining,resto_delivery_deliveroo,Restaurants & Dining: resto delivery deliveroo,Hedonic/leisure/dining,12,0.00018725997635537782,0.00011104092298623884,-7.621905336913898e-05,-0.3506976107814143,-0.009783186076057883,-0.006040326599552437,-0.026168674928779674,12,12,35682.0,19585.0,2133536.9699999955,1199013.4899999995
restore_12w,Restoration +/-12w,restore,negative,Office & Business,office_bnpl,Office & Business: office bnpl,Education/business/pets,12,8.914320987403636e-05,1.6904803968988943e-05,-7.223840590504742e-05,-0.31523235104363956,-0.017323259593606696,-0.006270990807270594,-0.026168674928779674,12,12,18362.0,1586.0,1036233.6900000022,191805.71999999988
restore_12w,Restoration +/-12w,restore,negative,Rent,rent_real_estate_agent,Rent: rent real estate agent,Utilities/housing/bills,12,0.0006842125136373706,0.0006454098526653457,-3.880266097202494e-05,-0.17769148771951837,2.3497735160415544e-05,-1.6632679790700225e-05,-0.026168674928779674,12,12,7183.0,7086.0,7813461.630000002,7279478.789999999
restore_12w,Restoration +/-12w,restore,negative,Restaurants & Dining,resto_delivery_menulog,Restaurants & Dining: resto delivery menulog,Hedonic/leisure/dining,12,0.0004201213622678413,0.00038682804385989513,-3.329331840794616e-05,-0.15172883155107542,-0.003701298569382644,-0.0018865103277972868,-0.026168674928779674,12,12,73269.0,67729.0,4791657.9899999965,4354490.869999996
restore_12w,Restoration +/-12w,restore,negative,Services,services_crypto,Services: services crypto,Shopping/home/personal,12,0.00011270490355663966,8.396294476366893e-05,-2.8741958792970733e-05,-0.12071421770681434,-0.0004020118188975781,-0.00021382286484605156,-0.026168674928779674,12,12,4131.0,3540.0,1256826.6500000001,930231.7099999998
restore_12w,Restoration +/-12w,restore,negative,Entertainment & Recreation,ent_stadium,Entertainment & Recreation: ent stadium,Hedonic/leisure/dining,12,4.838100672147363e-05,1.9897509235134413e-05,-2.8483497486339214e-05,-0.12098022575138691,-0.004493232657365322,-0.002429584775878277,-0.026168674928779674,12,12,10962.0,4451.0,549114.8000000002,224629.32999999987
restore_12w,Restoration +/-12w,restore,negative,Electronics & Merchandise,elec_ikea,Electronics & Merchandise: elec ikea,Shopping/home/personal,12,0.0006140998005473517,0.0005860185924245967,-2.8081208122755037e-05,-0.13634755176833524,-0.0012045429969300275,-0.0007167457306151495,-0.026168674928779674,12,12,31053.0,28940.0,6989862.7499999935,6582876.70999999
restore_12w,Restoration +/-12w,restore,negative,Utilities,utility_agl,Utilities: utility agl,Utilities/housing/bills,12,0.0007734530584119211,0.000748356287014888,-2.5096771397033115e-05,-0.130385051589629,0.0007825603993561123,0.0005725083661450182,-0.026168674928779674,12,12,40608.0,41799.0,8826244.71,8414293.829999998
restore_12w,Restoration +/-12w,restore,positive,Groceries,grocery_supermarket_discount,Groceries: grocery supermarket discount,Essentials: grocery/health,12,0.004117858568884995,0.004363177676426503,0.00024531910754150774,0.95907216588704,0.02250220292668914,0.0076898119548016175,-0.026168674928779674,12,12,606267.0,622111.0,46975559.339998625,49156652.78999878
restore_12w,Restoration +/-12w,restore,positive,Travel,travel_airline,Travel: travel airline,Mobility/transport ex-fuel,12,0.004357537879169638,0.004603590509304852,0.00024605263013521405,0.778187024531185,-0.003414057496474998,-0.0019673560182209768,-0.026168674928779674,12,12,61625.0,55978.0,49922000.60000003,51617093.58
restore_12w,Restoration +/-12w,restore,positive,Electronics & Merchandise,elec_retail_big_w,Electronics & Merchandise: elec retail big w,Shopping/home/personal,12,0.000940884372318541,0.0012033539888963733,0.0002624696165778323,1.1675759115021176,0.014860170861521194,0.009915337687338141,-0.026168674928779674,12,12,166592.0,191294.0,10727759.450000132,13698571.250000175
restore_12w,Restoration +/-12w,restore,positive,Groceries,grocery_alcohol_attached,Groceries: grocery alcohol attached,Hedonic/leisure/dining,12,0.0026490638619329036,0.0029445416361141325,0.0002954777741812288,1.2581815042645452,0.01755578030880381,0.010062272907461478,-0.026168674928779674,12,12,427310.0,450691.0,30119542.379998676,33201824.549998373
restore_12w,Restoration +/-12w,restore,positive,Electronics & Merchandise,elec_retail_kmart,Electronics & Merchandise: elec retail kmart,Shopping/home/personal,12,0.0017985226278523063,0.0021085538701586613,0.000310031242306355,1.3499110060819497,0.021460650756498056,0.012405217310517996,-0.026168674928779674,12,12,347887.0,377798.0,20507129.22000082,23886935.430000678
restore_12w,Restoration +/-12w,restore,positive,Entertainment & Recreation,ent_gambling_sportsbet,Entertainment & Recreation: ent gambling sportsbet,Hedonic/leisure/dining,12,0.0018438995697992056,0.0022393273980579644,0.00039542782825875873,1.6109460482490716,0.030401424190184934,0.004039781631330834,-0.026168674928779674,12,12,152481.0,162612.0,21084934.929999948,25265398.90999991
restore_12w,Restoration +/-12w,restore,positive,Loans,loans_bnpl_afterpay,Loans: loans bnpl afterpay,Financial obligations,12,0.00492272151941833,0.005368990555769203,0.00044626903635087284,1.8501870498227042,0.05184215920669605,0.005599261921942711,-0.026168674928779674,12,12,417524.0,429065.0,56213858.3300001,60633830.70000227
restore_12w,Restoration +/-12w,restore,positive,Home Improvement,home_bunnings,Home Improvement: home bunnings,Shopping/home/personal,12,0.0037222485920148326,0.004282665145422246,0.0005604165534074134,2.309289488789437,0.021040749769336703,0.011464839626830398,-0.026168674928779674,12,12,310413.0,338423.0,42424926.57999876,48210938.53999857
restore_12w,Restoration +/-12w,restore,positive,Insurance,insurance_general,Insurance: insurance general,Utilities/housing/bills,12,0.0043920813797376015,0.0050091271810083155,0.0006170458012707139,2.58155629622971,-0.0010354811871678693,-0.0014811569607415809,-0.026168674928779674,12,12,271101.0,265221.0,50246607.68999994,56569508.66000011
restore_12w,Restoration +/-12w,restore,positive,Groceries,grocery_foreign_pos,Groceries: grocery foreign pos,Reopening/foreign POS,12,0.017412776007363625,0.018077254420577907,0.0006644784132142818,3.696653928420261,-0.0010383881652784553,-0.0003296390421904952,-0.026168674928779674,12,12,3437.0,2537.0,196779131.89000005,204594796.48000002
restore_12w,Restoration +/-12w,restore,positive,Groceries,grocery_supermarket_major,Groceries: grocery supermarket major,Essentials: grocery/health,12,0.018858752413987486,0.01979212684831097,0.0009333744343234841,3.508286038485437,0.07332837280063331,0.008700046546320728,-0.026168674928779674,12,12,1608754.0,1619882.0,215258478.69001856,222896253.07002035
restore_12w,Restoration +/-12w,restore,positive,Other,other_foreign_pos,Other: other foreign pos,Reopening/foreign POS,12,0.1051266271169266,0.12186168587161715,0.016735058754690557,78.94172647119797,-0.004548140897631105,-0.0005127580730789054,-0.026168674928779674,12,12,5628.0,4227.0,1199820760.5200002,1398296259.9099998
restore_2w,Restoration +/-2w,restore,negative,Travel,travel_hotel,Travel: travel hotel,Mobility/transport ex-fuel,2,0.04544125197165855,0.039665519545706414,-0.005775732425952133,-52.94195723822179,-0.013986698620225058,-0.005920604983345762,-0.07424771880479022,2,2,62337.0,60443.0,91304393.11000022,68505794.0699979
restore_2w,Restoration +/-2w,restore,negative,Electronics & Merchandise,elec_apple,Electronics & Merchandise: elec apple,Shopping/home/personal,2,0.0018662966156846382,0.0016529265757648285,-0.0002133700399198097,-1.2391427101815697,0.015297294019628815,0.006090912790163605,-0.07424771880479022,2,2,83474.0,87228.0,3370097.3299989393,2855331.0699989405
restore_2w,Restoration +/-2w,restore,negative,Automotive & Fuel,auto_fuel_ampol,Automotive & Fuel: auto fuel ampol,Direct fuel,2,0.0019225768252582004,0.0017523049795313728,-0.0001702718457268276,-1.2011476520299276,-0.0036260017529239907,-0.002212512458939553,-0.07424771880479022,2,2,41054.0,40562.0,3522653.8500000047,3026449.8200000124
restore_2w,Restoration +/-2w,restore,negative,Insurance,insurance_health,Insurance: insurance health,Utilities/housing/bills,2,0.0035518802395309427,0.0034089248383655183,-0.0001429554011654244,-1.7927519865313748,-0.007147807917270849,-0.006511670954909454,-0.07424771880479022,2,2,46459.0,44101.0,6610583.16000003,5886197.650000035
restore_2w,Restoration +/-2w,restore,negative,Automotive & Fuel,auto_fuel_bp,Automotive & Fuel: auto fuel bp,Direct fuel,2,0.0024277345122583516,0.0023021573738230133,-0.00012557713843533826,-0.9953384814080639,-0.002684952310113703,-0.0010358550372757958,-0.07424771880479022,2,2,50405.0,50557.0,4370117.029999948,3977234.8799999515
restore_2w,Restoration +/-2w,restore,negative,Utilities,utility_energyaustralia,Utilities: utility energyaustralia,Utilities/housing/bills,2,0.0004295318240585261,0.0004011339840226544,-2.8397840035871693e-05,-0.27590540108148676,0.0003702558529804483,2.9492023262758793e-08,-0.07424771880479022,2,2,2551.0,2580.0,808434.2300000002,693485.37
restore_2w,Restoration +/-2w,restore,negative,Utilities,utility_origin,Utilities: utility origin,Utilities/housing/bills,2,0.00045989811539620456,0.00043493428321691595,-2.4963832179288612e-05,-0.2540839309466485,1.3362434194355219e-05,-0.000189468493540762,-0.07424771880479022,2,2,3224.0,3177.0,855562.1199999999,751481.5000000002
restore_2w,Restoration +/-2w,restore,negative,Healthcare & Medical,health_pharmacy_chemist_warehouse,Healthcare & Medical: health pharmacy chemist warehouse,Essentials: grocery/health,2,0.0009586865042428008,0.0009449302178299887,-1.3756286412812055e-05,-0.3199218519729845,-0.005663758794314078,-0.00390697494286707,-0.07424771880479022,2,2,33949.0,32612.0,1754404.7299998999,1632201.8599999072
restore_2w,Restoration +/-2w,restore,negative,Telecom & Internet,telco_optus,Telecom & Internet: telco optus,Utilities/housing/bills,2,0.0015547736773858945,0.0015462480213578828,-8.525656028011757e-06,-0.44734862372873785,-0.004406333682799302,-0.0034495369233124157,-0.07424771880479022,2,2,26993.0,25773.0,2837538.589999993,2671215.0199999902
restore_2w,Restoration +/-2w,restore,negative,Electronics & Merchandise,elec_retail_david_jones,Electronics & Merchandise: elec retail david jones,Shopping/home/personal,2,0.0005136685352612134,0.0005105301685658016,-3.138366695411743e-06,-0.1650583475203098,-0.0017568985890497012,-0.0012680955424117409,-0.07424771880479022,2,2,4774.0,4262.0,944787.8800000042,882007.4600000039
restore_2w,Restoration +/-2w,restore,negative,Entertainment & Recreation,ent_audible,Entertainment & Recreation: ent audible,Hedonic/leisure/dining,2,0.00011644048095682926,0.0001158411276439387,-5.993533128905533e-07,-0.03308014282267452,-0.000652417260885628,-4.158673596828255e-05,-0.07424771880479022,2,2,10182.0,10288.0,212359.32999999254,200106.38999999347
restore_2w,Restoration +/-2w,restore,negative,Electronics & Merchandise,elec_retail_big_w,Electronics & Merchandise: elec retail big w,Shopping/home/personal,2,0.0010004053286865526,0.0010007304338094402,3.2510512288762977e-07,-0.24843317010679167,-0.002940357662209847,-0.0021133658207131006,-0.07424771880479022,2,2,27831.0,27225.0,1817985.8700000213,1728756.42000002
restore_2w,Restoration +/-2w,restore,positive,Personal & Family,personal_gym_anytime,Personal & Family: personal gym anytime,Shopping/home/personal,2,0.00020716939452474073,0.0003634678947947643,0.00015629850027002357,0.5597318561356097,0.008518231186938292,0.007065808052868161,-0.07424771880479022,2,2,13720.0,17082.0,369624.6599999802,626757.1099999998
restore_2w,Restoration +/-2w,restore,positive,Automotive & Fuel,auto_fuel_7eleven,Automotive & Fuel: auto fuel 7eleven,Direct fuel,2,0.0015191269701344309,0.0016888470355448516,0.00016972006541042073,0.2247151792223292,-0.004038530209374669,-0.0008822593019686686,-0.07424771880479022,2,2,56380.0,56673.0,2782490.7399999886,2917397.589999987
restore_2w,Restoration +/-2w,restore,positive,Loans,loans_bnpl_afterpay,Loans: loans bnpl afterpay,Financial obligations,2,0.005248377766564195,0.005426904262766708,0.00017852649620251314,-0.8717055256453357,-0.016626526459044944,-0.0027469213651470925,-0.07424771880479022,2,2,69976.0,69595.0,9649979.13000016,9375089.900000023
restore_2w,Restoration +/-2w,restore,positive,Travel,travel_airline,Travel: travel airline,Mobility/transport ex-fuel,2,0.0042932082171371405,0.004486838611178465,0.00019363039404132493,-0.43580655157893133,-0.0020129637132312236,-0.0010871489882406486,-0.07424771880479022,2,2,9964.0,9598.0,7850595.130000014,7750790.609999997
restore_2w,Restoration +/-2w,restore,positive,Telecom & Internet,telco_tier2_isp,Telecom & Internet: telco tier2 isp,Utilities/housing/bills,2,0.0005769560344424396,0.0008078693733012885,0.00023091333885884898,0.7103987963943377,0.007562591035392488,0.006733086256844777,-0.07424771880479022,2,2,12911.0,16094.0,1063182.7199999671,1395372.1099999468
restore_2w,Restoration +/-2w,restore,positive,Telecom & Internet,telco_telstra,Telecom & Internet: telco telstra,Utilities/housing/bills,2,0.002016289754413395,0.0022539130079851323,0.00023762325357173713,0.27740834678139414,0.003695964358961981,0.003304143696782877,-0.07424771880479022,2,2,28721.0,30553.0,3723554.13999998,3893291.5399999777
restore_2w,Restoration +/-2w,restore,positive,Telecom & Internet,telco_mvno,Telecom & Internet: telco mvno,Utilities/housing/bills,2,0.00010502877106359043,0.00034462174734479155,0.00023959297628120112,0.885292030504846,0.013174705680033899,0.01201178314689026,-0.07424771880479022,2,2,6001.0,11482.0,193390.79999999996,594336.7500000001
restore_2w,Restoration +/-2w,restore,positive,Groceries,grocery_supermarket_discount,Groceries: grocery supermarket discount,Essentials: grocery/health,2,0.00437837336514516,0.004636994384426128,0.000258621019280968,-0.17554296230226996,-0.003500164503702219,-0.0016170617606020565,-0.07424771880479022,2,2,102650.0,103184.0,7990366.949999781,8009804.839999764
restore_2w,Restoration +/-2w,restore,positive,Loans,loans_bnpl_zip,Loans: loans bnpl zip,Financial obligations,2,0.002163077836588071,0.002517129276557127,0.00035405143996905574,0.7467599183936038,0.023470934789343034,0.013859764197527338,-0.07424771880479022,2,2,31901.0,38529.0,3961760.0799999824,4346821.039999977
restore_2w,Restoration +/-2w,restore,positive,Insurance,insurance_general,Insurance: insurance general,Utilities/housing/bills,2,0.004632069418990964,0.004989661518816149,0.0003575920998251849,0.08879876122298569,-0.002178824204504881,-0.0015332640876099812,-0.07424771880479022,2,2,46408.0,46284.0,8476906.449999997,8619898.840000004
restore_2w,Restoration +/-2w,restore,positive,Home Improvement,home_bunnings,Home Improvement: home bunnings,Shopping/home/personal,2,0.004396378096330537,0.004791113633362969,0.00039473553703243264,0.49534551140151706,0.0033150426244467623,0.0015760004892510227,-0.07424771880479022,2,2,56218.0,57624.0,7954737.90999977,8276200.579999736
restore_2w,Restoration +/-2w,restore,positive,Groceries,grocery_supermarket_major,Groceries: grocery supermarket major,Essentials: grocery/health,2,0.02002169723191368,0.021003648375232643,0.0009819511433189626,-1.5685137541992447,-0.016452590059738537,-0.009068912984902311,-0.07424771880479022,2,2,270439.0,269684.0,36533925.80000298,36279844.070003495
restore_4w,Restoration +/-4w,restore,negative,Travel,travel_hotel,Travel: travel hotel,Mobility/transport ex-fuel,4,0.04359740911298569,0.0355842830773984,-0.008013126035587285,-49.0239262431451,-0.012636614216707698,-0.005114342192027166,-0.07720030846628295,4,4,121627.0,117259.0,169952753.68000162,126672789.8999991
restore_4w,Restoration +/-4w,restore,negative,Education,edu_university,Education: edu university,Education/business/pets,4,0.0002132622966354004,0.00013430883998693507,-7.895345664846534e-05,-0.4042743667868216,-0.0007664800966996526,-0.0006201354103903757,-0.07720030846628295,4,4,3445.0,2890.0,841379.7000000001,477959.94
restore_4w,Restoration +/-4w,restore,negative,Entertainment & Recreation,ent_stadium,Entertainment & Recreation: ent stadium,Hedonic/leisure/dining,4,5.273022752951605e-05,2.160116497444654e-05,-3.1129062555069516e-05,-0.13650839863315922,-0.0048841639764571464,-0.0023086063004358467,-0.07720030846628295,4,4,3685.0,1621.0,199109.93000000005,77048.52999999993
restore_4w,Restoration +/-4w,restore,negative,Utilities,utility_water,Utilities: utility water,Utilities/housing/bills,4,0.0001915314640474941,0.0001635065786058052,-2.802488544168891e-05,-0.17780411403723417,-0.00033257955086808677,-0.000293899161414749,-0.07720030846628295,4,4,3641.0,3377.0,741839.2799999999,582548.34
restore_4w,Restoration +/-4w,restore,negative,Healthcare & Medical,health_pharmacy_priceline,Healthcare & Medical: health pharmacy priceline,Essentials: grocery/health,4,8.9270520792795e-05,8.157915029577618e-05,-7.691370497018825e-06,-0.06351964156970885,-0.0001431517795838777,-0.00013439091774365697,-0.07720030846628295,4,4,6747.0,6637.0,346728.77000000066,289745.12000000104
restore_4w,Restoration +/-4w,restore,negative,Restaurants & Dining,resto_alcohol_attached,Restaurants & Dining: resto alcohol attached,Hedonic/leisure/dining,4,6.177706530373174e-05,6.058058552492106e-05,-1.1964797788106813e-06,-0.019031411764439177,-0.0003336999657195779,-0.00027233652132389787,-0.07720030846628295,4,4,3124.0,2887.0,231533.6500000013,215032.44000000076
restore_4w,Restoration +/-4w,restore,negative,Electronics & Merchandise,elec_retail_david_jones,Electronics & Merchandise: elec retail david jones,Shopping/home/personal,4,0.00048550979665639847,0.000484397900167665,-1.1118964887334918e-06,-0.12361383834926909,-0.001790696702142179,-0.0012494902672462657,-0.07720030846628295,4,4,9384.0,8285.0,1831004.4400000079,1724381.6400000066
restore_4w,Restoration +/-4w,restore,negative,Healthcare & Medical,health_pharmacy_other,Healthcare & Medical: health pharmacy other,Essentials: grocery/health,4,9.74122389458064e-05,9.89703112402577e-05,1.5580722944512967e-06,-0.02379566164018404,-0.00013949003391839493,-0.00010714244493751496,-0.07720030846628295,4,4,8360.0,8275.0,372747.2,351617.2800000005
restore_4w,Restoration +/-4w,restore,negative,Charitable Giving & Gifts,charity_religious_stvdp,Charitable Giving & Gifts: charity religious stvdp,Charity/prosocial,4,2.195181252467786e-05,2.470176177392111e-05,2.749949249243249e-06,0.006117733380999593,0.0003502957548259765,0.0002977022346489942,-0.07720030846628295,4,4,3339.0,3610.0,82244.38,87863.76999999999
restore_4w,Restoration +/-4w,restore,negative,Restaurants & Dining,resto_delivery_deliveroo,Restaurants & Dining: resto delivery deliveroo,Hedonic/leisure/dining,4,0.0001764694479593854,0.00017966002688419913,3.1905789248137155e-06,-0.03142755779296624,-0.0009465439469859144,-0.0005623486042540086,-0.07720030846628295,4,4,10952.0,10466.0,666113.9499999987,639045.8899999994
restore_4w,Restoration +/-4w,restore,negative,Loans,loans_bnpl_klarna,Loans: loans bnpl klarna,Financial obligations,4,9.29142080583864e-05,9.635103501837568e-05,3.436826959989282e-06,-0.011575714540908888,0.0001492783929807808,7.948722461350189e-05,-0.07720030846628295,4,4,4322.0,4399.0,353255.80000000034,343239.3500000003
restore_4w,Restoration +/-4w,restore,negative,Entertainment & Recreation,ent_audible,Entertainment & Recreation: ent audible,Hedonic/leisure/dining,4,0.00010773284991163023,0.00011175966054971176,4.026810638081528e-06,-0.010174743580536216,-0.0003315883542625367,-3.645049331137129e-05,-0.07720030846628295,4,4,20187.0,20188.0,405571.1699999869,397198.26999998733
restore_4w,Restoration +/-4w,restore,positive,Automotive & Fuel,auto_fuel_bp,Automotive & Fuel: auto fuel bp,Direct fuel,4,0.0022312502035626057,0.002378731592750106,0.00014748138918750046,0.13727031415972846,0.0019465016423857173,0.001550997829069256,-0.07720030846628295,4,4,99643.0,101180.0,8354683.789999913,8490279.839999905
restore_4w,Restoration +/-4w,restore,positive,Electronics & Merchandise,elec_retail_kmart,Electronics & Merchandise: elec retail kmart,Shopping/home/personal,4,0.0018112283982516058,0.001972067411394469,0.00016083901314286318,0.20432806721200958,0.0025988289337590953,0.001974925421730639,-0.07720030846628295,4,4,115879.0,117808.0,6823485.760000264,7016025.73000028
restore_4w,Restoration +/-4w,restore,positive,Automotive & Fuel,auto_fuel_7eleven,Automotive & Fuel: auto fuel 7eleven,Direct fuel,4,0.001487156978201671,0.0016831953622478686,0.00019603838404619756,0.39569061702626307,0.0012834244269737949,0.0016255460161588575,-0.07720030846628295,4,4,112857.0,114457.0,5633207.459999967,5993288.319999974
restore_4w,Restoration +/-4w,restore,positive,Entertainment & Recreation,ent_gambling_sportsbet,Entertainment & Recreation: ent gambling sportsbet,Hedonic/leisure/dining,4,0.0019137698211988254,0.0021920430245433867,0.00027827320334456135,0.6633027984824995,0.008559412210789707,-0.0008727745116760832,-0.07720030846628295,4,4,53076.0,52411.0,7205361.929999983,7809708.749999983
restore_4w,Restoration +/-4w,restore,positive,Insurance,insurance_health,Insurance: insurance health,Utilities/housing/bills,4,0.0032075535979276043,0.003514846753816513,0.0003072931558889087,0.2705646362425824,0.0011330078700882845,0.00023957742762920065,-0.07720030846628295,4,4,89826.0,90141.0,12282088.670000058,12537729.000000063
restore_4w,Restoration +/-4w,restore,positive,Groceries,grocery_supermarket_discount,Groceries: grocery supermarket discount,Essentials: grocery/health,4,0.004203893170054419,0.004538707558232697,0.0003348143881782787,0.28386334828360305,0.007050297751647117,0.0026940368257104275,-0.07720030846628295,4,4,204100.0,206800.0,15873941.889999527,16150343.909999574
restore_4w,Restoration +/-4w,restore,positive,Telecom & Internet,telco_telstra,Telecom & Internet: telco telstra,Utilities/housing/bills,4,0.0019393454598063851,0.0022903766049837994,0.0003510311451774143,0.880744133041965,0.006280839100032742,0.0056457588937237485,-0.07720030846628295,4,4,58343.0,63464.0,7358558.659999965,8155163.99999995
restore_4w,Restoration +/-4w,restore,positive,Home Improvement,home_bunnings,Home Improvement: home bunnings,Shopping/home/personal,4,0.004125542949528623,0.004479065609547056,0.00035352266001843335,0.39409542843207745,0.005480541459360028,0.0025123575697927614,-0.07720030846628295,4,4,110254.0,112689.0,15543728.519999556,15920413.459999517
restore_4w,Restoration +/-4w,restore,positive,Loans,loans_bnpl_afterpay,Loans: loans bnpl afterpay,Financial obligations,4,0.005002977942193593,0.005370255753251502,0.00036727781105790926,0.12144411643778596,0.008084867530637196,0.00019385726342832643,-0.07720030846628295,4,4,139743.0,140097.0,18979215.79000012,19110472.94000017
restore_4w,Restoration +/-4w,restore,positive,Insurance,insurance_general,Insurance: insurance general,Utilities/housing/bills,4,0.004380447933846787,0.004822753472100162,0.00044230553825337464,0.5798461500493168,0.00086316582240753,-0.00018314940526915902,-0.07720030846628295,4,4,90734.0,90689.0,16642228.649999999,17179104.810000032
restore_4w,Restoration +/-4w,restore,positive,Travel,travel_airline,Travel: travel airline,Mobility/transport ex-fuel,4,0.004594675357121512,0.0055674349832423985,0.0009727596261208862,2.3813506018828576,-0.001485221778083752,-0.0009661203442236956,-0.07720030846628295,4,4,20267.0,19423.0,17687372.280000016,19769432.87
restore_4w,Restoration +/-4w,restore,positive,Groceries,grocery_supermarket_major,Groceries: grocery supermarket major,Essentials: grocery/health,4,0.019284171791997314,0.020592469271652314,0.0013082974796549997,0.3579400017478491,0.01590100105566794,0.0011469559006349606,-0.07720030846628295,4,4,540511.0,542269.0,72858793.75000632,73277628.74000706
restore_6w,Restoration +/-6w,restore,negative,Travel,travel_hotel,Travel: travel hotel,Mobility/transport ex-fuel,6,0.04692413257541823,0.04000496776737795,-0.006919164808040279,-42.300726096459414,-0.012132154131422102,-0.0050874973542544555,-0.054770392179496,6,6,181223.0,175096.0,272983872.76000184,217401582.09999728
restore_6w,Restoration +/-6w,restore,negative,Education,edu_university,Education: edu university,Education/business/pets,6,0.0004277337234141784,0.00015603375692541834,-0.00027169996648876004,-1.2130458273922076,-0.0009715692611234911,-0.0007709703963323339,-0.054770392179496,6,6,5507.0,4487.0,2471047.82,851548.5800000001
restore_6w,Restoration +/-6w,restore,negative,Office & Business,office_bnpl,Office & Business: office bnpl,Education/business/pets,6,7.493479359790141e-05,1.5423282825044883e-05,-5.9511510772856526e-05,-0.2668693530811734,-0.012732575141039091,-0.004847298525603042,-0.054770392179496,6,6,7244.0,739.0,441819.3400000013,84080.01999999996
restore_6w,Restoration +/-6w,restore,negative,Rent,rent_real_estate_agent,Rent: rent real estate agent,Utilities/housing/bills,6,0.0007334848136705024,0.0006761375334959834,-5.734728017451891e-05,-0.39375744524685263,-3.356364448368551e-05,-5.6329643131180183e-05,-0.054770392179496,6,6,3709.0,3646.0,4185089.3500000024,3671156.34
restore_6w,Restoration +/-6w,restore,negative,Entertainment & Recreation,ent_stadium,Entertainment & Recreation: ent stadium,Hedonic/leisure/dining,6,4.665639088183336e-05,2.321271684847912e-05,-2.344367403335424e-05,-0.10145612084410871,-0.0034117252759724103,-0.0017401871226306884,-0.054770392179496,6,6,4962.0,2634.0,261890.73000000013,126049.42999999993
restore_6w,Restoration +/-6w,restore,negative,Utilities,utility_water,Utilities: utility water,Utilities/housing/bills,6,0.0002075102175599865,0.0001939154169270928,-1.3594800632893688e-05,-0.10119102574677807,0.00024220797007831751,0.00020424483888649946,-0.054770392179496,6,6,5886.0,6180.0,1191654.1100000003,1059698.9400000002
restore_6w,Restoration +/-6w,restore,negative,Utilities,utility_energyaustralia,Utilities: utility energyaustralia,Utilities/housing/bills,6,0.0004265258014093558,0.00041445360168246504,-1.207219972689075e-05,-0.1400399999495372,6.54431253981555e-05,-8.252403750410361e-05,-0.054770392179496,6,6,8241.0,8154.0,2433492.5,2252857.9700000007
restore_6w,Restoration +/-6w,restore,negative,Healthcare & Medical,health_pharmacy_priceline,Healthcare & Medical: health pharmacy priceline,Essentials: grocery/health,6,8.774290965137824e-05,8.055190361061473e-05,-7.191006040763517e-06,-0.051364372587341334,-1.6760222935814986e-05,-1.7204925120937152e-05,-0.054770392179496,6,6,10061.0,10075.0,504449.48000000085,436610.6300000014
restore_6w,Restoration +/-6w,restore,negative,Restaurants & Dining,resto_alcohol_attached,Restaurants & Dining: resto alcohol attached,Hedonic/leisure/dining,6,6.286688642685667e-05,5.842183417748034e-05,-4.44505224937633e-06,-0.029475556697562882,-0.00043261150908740966,-0.00035407265010483453,-0.054770392179496,6,6,4781.0,4326.0,354376.07000000204,316351.2800000011
restore_6w,Restoration +/-6w,restore,negative,Restaurants & Dining,resto_delivery_menulog,Restaurants & Dining: resto delivery menulog,Hedonic/leisure/dining,6,0.0004110711750864168,0.0004081505312019705,-2.9206438844463093e-06,-0.0889981238091293,-0.002336907160753819,-0.001077169490803373,-0.054770392179496,6,6,35496.0,34181.0,2325239.9899999984,2214400.8499999996
restore_6w,Restoration +/-6w,restore,negative,Restaurants & Dining,resto_delivery_deliveroo,Restaurants & Dining: resto delivery deliveroo,Hedonic/leisure/dining,6,0.00017805074849640574,0.00017527364793072054,-2.777100565685205e-06,-0.04383568087784617,-0.001369479461303079,-0.0008645420243070384,-0.054770392179496,6,6,16639.0,15540.0,1005639.689999998,950588.7399999992
restore_6w,Restoration +/-6w,restore,negative,Entertainment & Recreation,ent_audible,Entertainment & Recreation: ent audible,Hedonic/leisure/dining,6,0.00010596689125260963,0.00010683703598194592,8.701447293362868e-07,-0.015990651942643874,-0.0008092346399307879,-0.0005646453310247448,-0.054770392179496,6,6,30253.0,29607.0,597786.1499999814,578584.6799999836
restore_6w,Restoration +/-6w,restore,positive,Electronics & Merchandise,elec_retail_kmart,Electronics & Merchandise: elec retail kmart,Shopping/home/personal,6,0.0018120314585752806,0.0019669467267408474,0.00015491526816556684,0.30270664502281264,0.004883322272501184,0.0032373277493439045,-0.054770392179496,6,6,174320.0,179312.0,10230329.150000395,10674473.670000438
restore_6w,Restoration +/-6w,restore,positive,Entertainment & Recreation,ent_gambling_lottery,Entertainment & Recreation: ent gambling lottery,Hedonic/leisure/dining,6,0.00011401960088084707,0.0002690513848141979,0.00015503178393335082,0.6182970952022313,0.01352532623246518,0.009472482663173068,-0.054770392179496,6,6,19181.0,31923.0,643222.3600000016,1472493.3399999943
restore_6w,Restoration +/-6w,restore,positive,Entertainment & Recreation,ent_gambling_other,Entertainment & Recreation: ent gambling other,Hedonic/leisure/dining,6,0.0005598045806272984,0.0007574294664694244,0.00019762488584212597,0.7311292657987312,0.004991901525618157,0.0016605125775594094,-0.054770392179496,6,6,11945.0,14239.0,3140410.4800000004,4137911.7499999995
restore_6w,Restoration +/-6w,restore,positive,Automotive & Fuel,auto_fuel_7eleven,Automotive & Fuel: auto fuel 7eleven,Direct fuel,6,0.0014828322142168098,0.0016807677482497533,0.0001979355340329435,0.5197528985533868,0.00309471722270796,0.0028303678682298217,-0.054770392179496,6,6,168501.0,172908.0,8400480.609999938,9127823.979999963
restore_6w,Restoration +/-6w,restore,positive,Insurance,insurance_general,Insurance: insurance general,Utilities/housing/bills,6,0.0044846156502593255,0.00471907384995232,0.00023445819969299467,0.07103848135580293,-0.002631275536732647,-0.0023677718139804016,-0.054770392179496,6,6,137116.0,134430.0,25436662.44000001,25622653.01000002
restore_6w,Restoration +/-6w,restore,positive,Groceries,grocery_supermarket_discount,Groceries: grocery supermarket discount,Essentials: grocery/health,6,0.00421894637071296,0.0044830924222641405,0.0002641460515511807,0.2931126997304858,0.009793187293359318,0.00304163983145056,-0.054770392179496,6,6,305905.0,311124.0,23847476.95999927,24330298.36999938
restore_6w,Restoration +/-6w,restore,positive,Telecom & Internet,telco_telstra,Telecom & Internet: telco telstra,Utilities/housing/bills,6,0.0019491835398020329,0.0022177815893310395,0.00026859804952900665,0.6906313835492277,0.005449184233636384,0.004657404995736331,-0.054770392179496,6,6,88206.0,94758.0,11060873.909999942,12024300.809999924
restore_6w,Restoration +/-6w,restore,positive,Loans,loans_bnpl_afterpay,Loans: loans bnpl afterpay,Financial obligations,6,0.004983673377219313,0.005264701160001616,0.00028102778278230305,0.16207618909747623,0.013343997142652775,0.0002020562845217455,-0.054770392179496,6,6,208572.0,209582.0,28243961.080000095,28558314.410000186
restore_6w,Restoration +/-6w,restore,positive,Home Improvement,home_bunnings,Home Improvement: home bunnings,Shopping/home/personal,6,0.003969426914706193,0.004388828818253435,0.00041940190354724204,0.9649831713042083,0.007924873263715465,0.004006076600295103,-0.054770392179496,6,6,162023.0,168035.0,22417323.74999935,23798988.039999284
restore_6w,Restoration +/-6w,restore,positive,Travel,travel_airline,Travel: travel airline,Mobility/transport ex-fuel,6,0.004726896298314195,0.005206420675233968,0.00047952437691977344,0.8109115773899944,-0.002159071740583697,-0.001212376431299872,-0.054770392179496,6,6,30790.0,29266.0,27026324.800000016,28126400.050000004
restore_6w,Restoration +/-6w,restore,positive,Entertainment & Recreation,ent_gambling_sportsbet,Entertainment & Recreation: ent gambling sportsbet,Hedonic/leisure/dining,6,0.0019015975257709171,0.0025875398310372584,0.0006859423052663412,2.52889235674216,0.05541298774683551,0.01174163991294614,-0.054770392179496,6,6,77824.0,94082.0,10716971.139999975,14179566.16999993
restore_6w,Restoration +/-6w,restore,positive,Groceries,grocery_supermarket_major,Groceries: grocery supermarket major,Essentials: grocery/health,6,0.01922695808453229,0.02039261572396566,0.0011656576394333713,1.1516800003645784,0.032916424945527156,0.002511395751100931,-0.054770392179496,6,6,808950.0,815279.0,108733300.61000912,110678346.3800106
restore_8w,Restoration +/-8w,restore,negative,Travel,travel_hotel,Travel: travel hotel,Mobility/transport ex-fuel,8,0.04315472455368502,0.03647424037486528,-0.006680484178819737,-37.04653267027379,-0.009981928662277761,-0.0038614358808939653,-0.049579111991139076,8,8,239226.0,231768.0,331743647.45000255,265445734.91999805
restore_8w,Restoration +/-8w,restore,negative,Restaurants & Dining,resto_foreign_pos,Restaurants & Dining: resto foreign pos,Reopening/foreign POS,8,0.06563041082890636,0.06173449033142507,-0.0038959204974812894,-28.656280010095855,-0.0030544906749981303,-0.0004303428192157031,-0.049579111991139076,8,8,3404.0,2628.0,498042720.62999964,445941704.29999983
restore_8w,Restoration +/-8w,restore,negative,Education,edu_university,Education: edu university,Education/business/pets,8,0.0005087729294357619,0.000148033577746483,-0.00036073935168927883,-1.566440654631449,-0.0013715307584068115,-0.0010508571332961195,-0.049579111991139076,8,8,7641.0,5746.0,3872843.4399999995,1075499.31
restore_8w,Restoration +/-8w,restore,negative,Office & Business,office_bnpl,Office & Business: office bnpl,Education/business/pets,8,8.227372825592539e-05,1.6385103300771033e-05,-6.588862495515436e-05,-0.28797271839219013,-0.014808069461435681,-0.005489425515983533,-0.049579111991139076,8,8,10876.0,1040.0,634648.3100000016,118590.87999999992
restore_8w,Restoration +/-8w,restore,negative,Rent,rent_real_estate_agent,Rent: rent real estate agent,Utilities/housing/bills,8,0.0007291529881919712,0.0006735668654068679,-5.558612278510331e-05,-0.3506965413127756,1.451918934575365e-05,-1.0489865073301432e-05,-0.049579111991139076,8,8,4870.0,4837.0,5507801.870000003,4866639.539999999
restore_8w,Restoration +/-8w,restore,negative,Services,services_crypto,Services: services crypto,Shopping/home/personal,8,0.00013606058073828385,0.00010022883325694871,-3.583174748133513e-05,-0.1500567112453196,-0.0002761653456579364,-0.00014783932052075022,-0.049579111991139076,8,8,3053.0,2782.0,983417.6100000001,715108.7
restore_8w,Restoration +/-8w,restore,negative,Entertainment & Recreation,ent_stadium,Entertainment & Recreation: ent stadium,Hedonic/leisure/dining,8,4.3889262904807285e-05,2.1499706381904987e-05,-2.2389556522902298e-05,-0.09567736677410771,-0.0034320920625264106,-0.0017043328203911264,-0.049579111991139076,8,8,6378.0,3318.0,327726.67000000004,156076.2199999999
restore_8w,Restoration +/-8w,restore,negative,Utilities,utility_water,Utilities: utility water,Utilities/housing/bills,8,0.00022090238837750987,0.00019981151843241515,-2.1090869945094724e-05,-0.12457226826441703,0.000112788240174376,0.000105434894543701,-0.049579111991139076,8,8,8252.0,8409.0,1674994.8900000001,1447202.0100000002
restore_8w,Restoration +/-8w,restore,negative,Restaurants & Dining,resto_delivery_deliveroo,Restaurants & Dining: resto delivery deliveroo,Hedonic/leisure/dining,8,0.0001825573564221197,0.00016576981937334006,-1.6787537048779648e-05,-0.09745097486345222,-0.002973611746026096,-0.0017678040258285663,-0.049579111991139076,8,8,22687.0,19494.0,1368667.2299999972,1192545.4999999995
restore_8w,Restoration +/-8w,restore,negative,Restaurants & Dining,resto_delivery_menulog,Restaurants & Dining: resto delivery menulog,Hedonic/leisure/dining,8,0.0004183108571666088,0.0004043077942078507,-1.4003062958758115e-05,-0.12111416835578215,-0.0031006830635179686,-0.0014633093034336422,-0.049579111991139076,8,8,47842.0,45106.0,3139204.0399999977,2915095.6299999994
restore_8w,Restoration +/-8w,restore,negative,Healthcare & Medical,health_pharmacy_other,Healthcare & Medical: health pharmacy other,Essentials: grocery/health,8,0.00010498174270696593,9.945017003276798e-05,-5.531572674197951e-06,-0.03909532686591477,-0.0002694202024833385,-0.00019997631852628275,-0.049579111991139076,8,8,17047.0,16642.0,790344.3200000004,717845.9800000011
restore_8w,Restoration +/-8w,restore,negative,Restaurants & Dining,resto_alcohol_attached,Restaurants & Dining: resto alcohol attached,Hedonic/leisure/dining,8,6.265256179076778e-05,5.7621634381731366e-05,-5.030927409036412e-06,-0.030054057435532466,-0.00045144350128390257,-0.0003597005927626997,-0.049579111991139076,8,8,6352.0,5698.0,469126.09000000264,414658.78000000125
restore_8w,Restoration +/-8w,restore,positive,Electronics & Merchandise,elec_retail_kmart,Electronics & Merchandise: elec retail kmart,Shopping/home/personal,8,0.0018131859835668772,0.0019974637723490104,0.0001842777887821332,0.4782739060734986,0.007470436099755062,0.004578934301943505,-0.049579111991139076,8,8,231306.0,238835.0,13592457.120000526,14403989.350000588
restore_8w,Restoration +/-8w,restore,positive,Entertainment & Recreation,ent_gambling_other,Entertainment & Recreation: ent gambling other,Hedonic/leisure/dining,8,0.0005626035635783946,0.0007498738579432453,0.00018727029436485065,0.6947461518112932,0.004776804843383178,0.0014909431669233846,-0.049579111991139076,8,8,15543.0,18191.0,4197867.130000001,5429484.299999999
restore_8w,Restoration +/-8w,restore,positive,Automotive & Fuel,auto_fuel_7eleven,Automotive & Fuel: auto fuel 7eleven,Direct fuel,8,0.001491069600571897,0.001713524475909613,0.00022245487533771612,0.664042971576988,0.007578447148483519,0.0049124391446342675,-0.049579111991139076,8,8,224127.0,232221.0,11205903.199999921,12353252.00999995
restore_8w,Restoration +/-8w,restore,positive,Telecom & Internet,telco_telstra,Telecom & Internet: telco telstra,Utilities/housing/bills,8,0.002018517092495218,0.0022651105515274494,0.0002465934590322313,0.6739336935357638,0.005571516717268757,0.004490671935843238,-0.049579111991139076,8,8,118435.0,126070.0,15178701.809999932,16324635.369999912
restore_8w,Restoration +/-8w,restore,positive,Groceries,grocery_supermarket_discount,Groceries: grocery supermarket discount,Essentials: grocery/health,8,0.004225545664067032,0.004522862745862912,0.00029731708179588003,0.5523473108257804,0.01561522458784137,0.005444917023801399,-0.049579111991139076,8,8,406924.0,415502.0,31704170.26999904,32599072.25999918
restore_8w,Restoration +/-8w,restore,positive,Insurance,insurance_general,Insurance: insurance general,Utilities/housing/bills,8,0.004462011203459316,0.004818169112862652,0.0003561579094033358,0.707877785726371,-0.001201654949013059,-0.0015903810146159214,-0.049579111991139076,8,8,180645.0,177319.0,33555204.90999998,34706904.64000006
restore_8w,Restoration +/-8w,restore,positive,Loans,loans_bnpl_afterpay,Loans: loans bnpl afterpay,Financial obligations,8,0.004961550295588023,0.005353807071934968,0.00039225677634694475,0.7812550496971227,0.028561720596264162,0.002627885715958539,-0.049579111991139076,8,8,276959.0,280827.0,37303405.60999998,38577489.62000057
restore_8w,Restoration +/-8w,restore,positive,Travel,travel_airline,Travel: travel airline,Mobility/transport ex-fuel,8,0.004603802661719465,0.005077937553619653,0.0004741348919001876,0.9557645489305386,-0.002550787242732361,-0.001377568730609395,-0.049579111991139076,8,8,41048.0,38477.0,34866633.010000005,36408156.69
restore_8w,Restoration +/-8w,restore,positive,Home Improvement,home_bunnings,Home Improvement: home bunnings,Shopping/home/personal,8,0.0039200124740918375,0.004417659175183822,0.0004976467010919848,1.3968683860109543,0.0125849120255207,0.006733660520509527,-0.049579111991139076,8,8,212568.0,224032.0,29398288.439999133,31809025.539999038
restore_8w,Restoration +/-8w,restore,positive,Entertainment & Recreation,ent_gambling_sportsbet,Entertainment & Recreation: ent gambling sportsbet,Hedonic/leisure/dining,8,0.0018926005645054475,0.0024649230203764036,0.0005723224558709561,2.097964275972477,0.04330884202036259,0.008401191468472041,-0.049579111991139076,8,8,102317.0,117333.0,14169628.539999966,17910165.26999992
restore_8w,Restoration +/-8w,restore,positive,Other,other_foreign_pos,Other: other foreign pos,Reopening/foreign POS,8,0.11326280769914958,0.11388511576500275,0.0006223080658531721,-20.800840330761957,-0.0038461276554212958,-0.0004362642897459746,-0.049579111991139076,8,8,3593.0,2805.0,861655789.0400004,821578411.9499998
restore_8w,Restoration +/-8w,restore,positive,Groceries,grocery_supermarket_major,Groceries: grocery supermarket major,Essentials: grocery/health,8,0.01931779682617681,0.020501099190111595,0.0011833023639347857,1.7739003757523193,0.05124429450961543,0.006643730286878258,-0.049579111991139076,8,8,1076522.0,1085396.0,144999578.1800117,147756163.5400139
restore_recovery_18w,Restoration recovery 18w,restore,negative,Entertainment & Recreation,ent_foreign_pos,Entertainment & Recreation: ent foreign pos,Reopening/foreign POS,18,0.00814079305598925,0.006126216887277081,-0.002014576168712169,-8.470560947310325,-0.00023959513345781034,-0.00011726733879981925,0.004126689665586341,18,18,3066.0,2543.0,136529038.43000004,100332336.41000003
restore_recovery_18w,Restoration recovery 18w,restore,negative,Insurance,insurance_general,Insurance: insurance general,Utilities/housing/bills,18,0.006688410302467345,0.004937596429190232,-0.0017508138732771133,-5.461473508854166,-0.0022180048747959535,-0.0019107092516013058,0.004126689665586341,18,18,407029.0,391455.0,104116768.45999987,80544673.11000009
restore_recovery_18w,Restoration recovery 18w,restore,negative,Travel,travel_hotel,Travel: travel hotel,Mobility/transport ex-fuel,18,0.03442487552353633,0.03306467111676963,-0.0013602044067667005,-6.2721024727107135,0.005799700643660866,0.0027578543825128865,0.004126689665586341,18,18,519659.0,520063.0,582439455.9400067,548086567.6299981
restore_recovery_18w,Restoration recovery 18w,restore,negative,Education,edu_university,Education: edu university,Education/business/pets,18,0.00038851311013912514,0.000149246680467691,-0.00023926642967143414,-1.0101664128693524,-0.0015263341771040192,-0.0011946310075450803,0.004126689665586341,18,18,14669.0,9731.0,6500732.010000001,2399891.2399999998
restore_recovery_18w,Restoration recovery 18w,restore,negative,Travel,travel_airline,Travel: travel airline,Mobility/transport ex-fuel,18,0.004508156655305907,0.004322045920596976,-0.0001861107347089306,-0.1681423128542292,-0.004080765622787051,-0.0021445352087268443,0.004126689665586341,18,18,92573.0,82333.0,72238957.64000003,70270800.86000001
restore_recovery_18w,Restoration recovery 18w,restore,negative,Restaurants & Dining,resto_delivery_deliveroo,Restaurants & Dining: resto delivery deliveroo,Hedonic/leisure/dining,18,0.00020781399621342252,7.46684028814714e-05,-0.0001331455933319511,-0.5185213717445603,-0.014323877586376235,-0.008928265632538852,0.004126689665586341,18,18,55418.0,19704.0,3282871.529999993,1208729.3299999994
restore_recovery_18w,Restoration recovery 18w,restore,negative,Travel,travel_rideshare,Travel: travel rideshare,Mobility/transport ex-fuel,18,0.0019554972467709496,0.001837738809263756,-0.00011775843750719359,-0.05624910488571189,0.011138091258480809,0.0059264567398429335,0.004126689665586341,18,18,529198.0,542256.0,30743012.76999994,29959109.329999536
restore_recovery_18w,Restoration recovery 18w,restore,negative,Entertainment & Recreation,ent_gambling_ladbrokes,Entertainment & Recreation: ent gambling ladbrokes,Hedonic/leisure/dining,18,0.0005297759363360309,0.00044634338852862836,-8.34325478074025e-05,-0.26063976656816146,-0.0016260508962782083,-7.169259583975421e-06,0.004126689665586341,18,18,32860.0,32367.0,8414155.34,7266845.609999999
restore_recovery_18w,Restoration recovery 18w,restore,negative,Electronics & Merchandise,elec_intl_ebay,Electronics & Merchandise: elec intl ebay,Shopping/home/personal,18,0.0009126441841898319,0.0008362855460632768,-7.635863812655507e-05,-0.15888276099113696,-0.002014393478264362,-0.0006895925881655468,0.004126689665586341,18,18,158487.0,152728.0,14560681.480000025,13663797.080000052
restore_recovery_18w,Restoration recovery 18w,restore,negative,Restaurants & Dining,resto_delivery_menulog,Restaurants & Dining: resto delivery menulog,Hedonic/leisure/dining,18,0.000457615707632741,0.0003894319605208048,-6.818374711193621e-05,-0.1996070500926037,-0.0051300280932301615,-0.0029986784971415374,0.004126689665586341,18,18,112507.0,98551.0,7254250.049999995,6330608.419999995
restore_recovery_18w,Restoration recovery 18w,restore,negative,Office & Business,office_bnpl,Office & Business: office bnpl,Education/business/pets,18,8.552547485146185e-05,1.8069408747879825e-05,-6.745606610358203e-05,-0.2755302007348635,-0.014002391039191086,-0.005061477848221612,0.004126689665586341,18,18,22743.0,2386.0,1404923.6300000027,293752.89999999973
restore_recovery_18w,Restoration recovery 18w,restore,negative,Groceries,grocery_fuel_attached,Groceries: grocery fuel attached,Direct fuel,18,0.0015272619598823956,0.0014670971268962454,-6.0164832986150246e-05,0.03731822902680104,0.003082596054435116,0.001779967618821876,0.004126689665586341,18,18,400254.0,399288.0,24228360.71000013,23900530.970000207
restore_recovery_18w,Restoration recovery 18w,restore,positive,Electronics & Merchandise,elec_amazon,Electronics & Merchandise: elec amazon,Shopping/home/personal,18,0.0011923271559482614,0.0014016163700588276,0.00020928921411056617,1.1383695562630525,0.020240282881639288,0.010088045891305249,0.004126689665586341,18,18,203623.0,238906.0,19132678.639999546,23214493.76999916
restore_recovery_18w,Restoration recovery 18w,restore,positive,Electronics & Merchandise,elec_retail_kmart,Electronics & Merchandise: elec retail kmart,Shopping/home/personal,18,0.001926504330507722,0.002140769169169118,0.00021426483866139622,1.3060686892662172,0.023380522716736685,0.01341918293422753,0.004126689665586341,18,18,519889.0,561985.0,30572268.230001293,35073750.690000825
restore_recovery_18w,Restoration recovery 18w,restore,positive,Electronics & Merchandise,elec_retail_big_w,Electronics & Merchandise: elec retail big w,Shopping/home/personal,18,0.001002136151780406,0.0012191289777639563,0.00021699282598355027,1.1461022970059043,0.01546791907876828,0.010672909187620531,0.004126689665586341,18,18,247637.0,284396.0,15934957.710000198,20096510.45000022
restore_recovery_18w,Restoration recovery 18w,restore,positive,Loans,loans_bnpl_afterpay,Loans: loans bnpl afterpay,Financial obligations,18,0.00523693758397792,0.005656396913827557,0.0004194593298496368,2.6421670981784544,0.07409564751424264,0.005887826552522318,0.004126689665586341,18,18,628496.0,638894.0,83342784.29999961,91948396.87000416
restore_recovery_18w,Restoration recovery 18w,restore,positive,Personal & Family,personal_foreign_pos,Personal & Family: personal foreign pos,Reopening/foreign POS,18,0.020589137270852233,0.02107651345437551,0.0004873761835232776,-0.4969661575155868,-0.0003343502579452899,-0.00015328769389796632,0.004126689665586341,18,18,3379.0,2707.0,350135692.79,341117964.19
restore_recovery_18w,Restoration recovery 18w,restore,positive,Home Improvement,home_bunnings,Home Improvement: home bunnings,Shopping/home/personal,18,0.0038581174045479697,0.004434899447441259,0.0005767820428932897,2.986947589908402,0.03034907061339942,0.01760907342284429,0.004126689665586341,18,18,456413.0,516086.0,61541443.719998166,72026439.80999786
restore_recovery_18w,Restoration recovery 18w,restore,positive,Groceries,grocery_alcohol_attached,Groceries: grocery alcohol attached,Hedonic/leisure/dining,18,0.0027772999797360835,0.0033856092587868465,0.000608309279050763,2.9635485970944586,0.034356962992925094,0.021026987688376853,0.004126689665586341,18,18,634814.0,704177.0,44151988.809998155,54810436.81999813
restore_recovery_18w,Restoration recovery 18w,restore,positive,Groceries,grocery_supermarket_major,Groceries: grocery supermarket major,Essentials: grocery/health,18,0.019942509308242675,0.0205722063380318,0.0006296970297891245,5.805610948478545,0.079990353561608,0.008951440067791028,0.004126689665586341,18,18,2405674.0,2393042.0,317500874.09002846,333837934.2200285
restore_recovery_18w,Restoration recovery 18w,restore,positive,Restaurants & Dining,resto_foreign_pos,Restaurants & Dining: resto foreign pos,Reopening/foreign POS,18,0.05811428075720182,0.058778586859185945,0.0006643061019841259,8.142072521813134,-0.0022527760269246983,-0.00026092530262593425,0.004126689665586341,18,18,7325.0,6152.0,952585117.5999997,967543796.6799997
restore_recovery_18w,Restoration recovery 18w,restore,positive,Travel,travel_foreign_pos,Travel: travel foreign pos,Reopening/foreign POS,18,0.012130516407939674,0.015880938916680368,0.0037504225087406935,17.005008929709696,-0.0005224347973824003,-0.00016965522587515517,0.004126689665586341,18,18,3820.0,3078.0,196526514.47000003,260267582.03000003
restore_recovery_18w,Restoration recovery 18w,restore,positive,Groceries,grocery_foreign_pos,Groceries: grocery foreign pos,Reopening/foreign POS,18,0.014255481746965544,0.019015789166078413,0.0047603074191128695,20.018210601282306,-0.0006140729374292568,-0.00016384510347351266,0.004126689665586341,18,18,4670.0,3930.0,235206963.8300001,308430825.49000007
restore_recovery_18w,Restoration recovery 18w,restore,positive,Other,other_foreign_pos,Other: other foreign pos,Reopening/foreign POS,18,0.09897029939676917,0.1248512611976553,0.02588096180088613,121.58849110161805,-0.003103578997186867,-0.0002491132678797759,0.004126689665586341,18,18,7650.0,6516.0,1608664815.5900002,2053250337.6299994
